Date,.FCHI,.FTSE,.GDAXI,.HSI,.NDX,.NSEI,.SPX,.SSEC
2016-01-04,4522.45,6093.43,10283.44,21327.12,4497.857,7791.3,2012.66,3296.2582
2016-01-05,4537.63,6137.24,10310.1,21188.72,4484.18,7784.65,2016.71,3287.7105
2016-01-06,4480.47,6073.38,10214.02,20980.81,4443.985,7741.0,1990.26,3361.8404
2016-01-07,4403.58,5954.08,9979.85,20333.34,4305.724,7568.3,1943.09,3125.0015
2016-01-08,4333.76,5912.44,9849.34,20453.71,4270.782,7601.35,1922.03,3186.412
2016-01-11,4312.74,5871.83,9825.07,19888.5,4283.547,7563.85,1923.67,3016.7038
2016-01-12,4378.75,5929.24,9985.43,19711.76,4333.717,7510.3,1938.68,3022.8611
2016-01-13,4391.94,5960.97,9960.96,19934.88,4183.116,7562.4,1890.28,2949.5968
2016-01-14,4312.89,5918.23,9794.2,19817.41,4272.967,7536.8,1921.84,3007.6489
2016-01-15,4210.16,5804.1,9545.27,19520.77,4141.082,7437.8,1880.33,2900.9698
2016-01-18,4189.57,5779.92,9521.85,19237.45,,7351.0,,2913.8367
2016-01-19,4272.26,5876.8,9664.21,19635.81,4147.075,7435.1,1881.33,3007.7393
2016-01-20,4124.95,5673.58,9391.64,18886.3,4136.281,7309.3,1859.33,2976.6938
2016-01-21,4206.4,5773.79,9574.16,18542.15,4142.599,7276.8,1868.99,2880.4816
2016-01-22,4336.69,5900.01,9764.88,19080.51,4259.773,7422.45,1906.9,2916.5624
2016-01-25,4311.33,5877.0,9736.15,19340.14,4196.532,7436.15,1877.08,2938.5149
2016-01-26,4356.81,5911.46,9822.75,18860.8,4233.85,,1903.63,2749.7854
2016-01-27,4380.36,5990.37,9880.82,19052.45,4128.861,7437.75,1882.95,2735.5578
2016-01-28,4322.16,5931.78,9639.59,19195.83,4186.061,7424.65,1893.36,2655.6609
2016-01-29,4417.02,6083.79,9798.11,19683.11,4279.169,7563.55,1940.24,2737.5996
2016-02-01,4392.33,6060.1,9757.88,19595.5,4286.556,7555.95,1939.38,2688.8536
2016-02-02,4283.99,5922.01,9581.04,19446.84,4193.1,7455.55,1903.03,2749.5703
2016-02-03,4226.96,5837.14,9434.82,18991.59,4171.968,7361.8,1912.53,2739.2469
2016-02-04,4228.53,5898.76,9393.36,19183.09,4167.772,7404.0,1915.45,2781.0227
2016-02-05,4200.67,5848.06,9286.23,19288.17,4024.473,7489.1,1880.05,2763.492
2016-02-08,4066.31,5689.36,8979.36,,3960.671,7387.25,1853.44,
2016-02-09,3997.54,5632.19,8879.4,,3947.804,7298.2,1852.21,
2016-02-10,4061.2,5672.3,9017.29,,3966.275,7215.7,1851.86,
2016-02-11,3896.71,5536.97,8752.87,18545.8,3962.224,6976.35,1829.08,
2016-02-12,3995.06,5707.6,8967.51,18319.58,4019.191,6980.95,1864.78,
2016-02-15,4115.25,5824.28,9206.84,18918.14,,7162.95,,2746.1958
2016-02-16,4110.66,5862.17,9135.11,19122.08,4104.33,7048.25,1895.58,2836.5705
2016-02-17,4233.47,6030.32,9377.21,18924.57,4199.103,7108.45,1926.82,2867.3379
2016-02-18,4239.76,5971.95,9463.64,19363.08,4151.492,7191.75,1917.83,2862.8927
2016-02-19,4223.04,5950.23,9388.05,19285.5,4164.088,7210.75,1917.78,2860.0208
2016-02-22,4298.7,6037.73,9573.59,19464.09,4231.268,7234.55,1945.5,2927.175
2016-02-23,4238.42,5962.31,9416.77,19414.78,4162.54,7109.55,1921.27,2903.3313
2016-02-24,4155.34,5867.18,9167.8,19192.45,4200.659,7018.7,1929.8,2928.896
2016-02-25,4248.45,6012.81,9331.48,18888.75,4241.059,6970.6,1951.7,2741.2454
2016-02-26,4314.57,6096.01,9513.3,19364.15,4235.616,7029.75,1948.05,2767.2097
2016-02-29,4353.55,6097.09,9495.4,19111.93,4201.118,6987.05,1932.23,2687.9788
2016-03-01,4406.84,6152.88,9717.16,19407.46,4333.614,7222.3,1978.35,2733.17
2016-03-02,4424.89,6147.06,9776.62,20003.49,4334.386,7368.85,1986.45,2849.6811
2016-03-03,4416.08,6130.46,9751.92,19941.76,4325.862,7475.6,1993.4,2859.7582
2016-03-04,4456.62,6199.43,9824.17,20176.7,4329.0,7485.35,1999.99,2874.1468
2016-03-07,4442.29,6182.4,9778.93,20159.72,4303.334,,2001.76,2897.3395
2016-03-08,4404.02,6125.44,9692.82,20011.58,4265.51,7485.3,1979.26,2901.387
2016-03-09,4425.65,6146.32,9723.09,19996.26,4293.232,7531.8,1989.26,2862.556
2016-03-10,4350.35,6036.7,9498.15,19984.42,4286.966,7486.15,1989.57,2804.7255
2016-03-11,4492.79,6139.79,9831.13,20199.6,4361.83,7510.2,2022.19,2810.3074
2016-03-14,4506.59,6174.57,9990.26,20435.34,4367.329,7538.75,2019.64,2859.499
2016-03-15,4472.63,6139.97,9933.85,20288.77,4367.082,7460.6,2015.93,2864.3684
2016-03-16,4463.0,6175.49,9983.41,20257.7,4404.202,7498.75,2027.22,2870.43
2016-03-17,4442.89,6201.12,9892.2,20503.81,4400.263,7512.55,2040.59,2904.8319
2016-03-18,4462.51,6189.64,9950.8,20671.63,4410.828,7604.35,2049.58,2955.1498
2016-03-21,4427.8,6184.58,9948.64,20684.15,4426.977,7704.25,2051.6,3018.8017
2016-03-22,4431.97,6192.74,9990.0,20666.75,4437.619,7714.9,2049.8,2999.3628
2016-03-23,4423.98,6199.11,10022.93,20615.23,4402.559,7716.5,2036.71,3009.9604
2016-03-24,4329.68,6106.48,9851.35,20345.61,4405.532,,2035.94,2960.9704
2016-03-29,4366.67,6105.9,9887.94,20366.3,4467.719,7597.0,2055.01,2919.8318
2016-03-30,4444.42,6203.17,10046.61,20803.39,4490.876,7735.2,2063.95,3000.6449
2016-03-31,4385.06,6174.9,9965.51,20776.7,4483.655,7738.4,2059.74,3003.9152
2016-04-01,4322.24,6146.05,9794.64,20498.92,4532.082,7713.05,2072.78,3009.5298
2016-04-04,4345.22,6164.72,9822.08,,4511.704,7758.8,2066.13,
2016-04-05,4250.28,6091.23,9563.36,20177.0,4470.748,7603.2,2045.17,3053.0654
2016-04-06,4284.64,6161.63,9624.51,20206.67,4543.781,7614.35,2066.66,3050.592
2016-04-07,4245.91,6136.89,9530.62,20266.05,4475.285,7546.45,2041.91,3008.42
2016-04-08,4303.12,6204.41,9622.26,20370.4,4474.925,7555.2,2047.6,2984.9582
2016-04-11,4312.63,6200.12,9682.99,20440.81,4458.705,7671.4,2041.99,3033.957
2016-04-12,4345.91,6242.39,9761.47,20504.44,4496.045,7708.95,2061.72,3023.6464
2016-04-13,4490.31,6362.89,10026.1,21158.71,4554.722,7850.45,2082.42,3066.6381
2016-04-14,4511.51,6365.1,10093.65,21337.81,4554.625,,2082.78,3082.3615
2016-04-15,4495.17,6343.75,10051.57,21316.47,4543.161,,2080.73,3078.1166
2016-04-18,4506.84,6353.52,10120.31,21161.5,4565.421,7914.7,2094.34,3033.6604
2016-04-19,4566.48,6405.35,10349.59,21436.21,4537.09,,2100.8,3042.8232
2016-04-20,4591.92,6410.26,10421.29,21236.31,4540.438,7914.75,2102.4,2972.5837
2016-04-21,4582.83,6381.44,10435.73,21622.25,4540.799,7912.05,2091.48,2952.8911
2016-04-22,4569.66,6310.44,10373.49,21467.04,4474.192,7899.3,2091.58,2959.24
2016-04-25,4546.12,6260.92,10294.35,21304.44,4474.131,7855.05,2087.79,2946.6704
2016-04-26,4533.18,6284.52,10259.59,21407.27,4452.966,7962.65,2091.7,2964.6997
2016-04-27,4559.4,6319.91,10299.83,21361.6,4416.635,7979.9,2095.15,2953.6709
2016-04-28,4557.36,6322.4,10321.15,21388.03,4363.993,7847.25,2075.81,2945.5886
2016-04-29,4428.96,6241.89,10038.97,21067.05,4341.299,7849.8,2065.3,2938.3235
2016-05-02,4442.75,,10123.27,,4381.304,7805.9,2081.43,
2016-05-03,4371.98,6185.59,9926.77,20676.94,4341.392,7747.0,2063.37,2992.6432
2016-05-04,4324.23,6112.02,9828.25,20525.83,4312.014,7706.55,2051.12,2991.2721
2016-05-05,4319.46,6117.25,9851.86,20449.82,4309.485,7735.5,2050.63,2997.8416
2016-05-06,4301.24,6125.7,9869.95,20109.87,4330.168,7733.45,2057.14,2913.2476
2016-05-09,4322.81,6114.81,9980.49,20156.81,4341.231,7866.05,2058.69,2832.1125
2016-05-10,4338.21,6156.65,10045.44,20242.68,4402.038,7887.8,2084.39,2832.5912
2016-05-11,4316.67,6162.49,9975.32,20055.29,4361.033,7848.85,2064.46,2837.0372
2016-05-12,4293.27,6104.19,9862.12,19915.46,4342.809,7900.4,2064.11,2835.8618
2016-05-13,4319.99,6138.5,9952.9,19719.29,4326.531,7814.9,2046.61,2827.1087
2016-05-16,4312.28,6151.4,,19883.95,4380.484,7860.75,2066.66,2850.8617
2016-05-17,4297.57,6167.77,9890.19,20118.8,4322.557,7890.75,2047.21,2843.6841
2016-05-18,4319.3,6165.8,9943.23,19826.41,4338.232,7870.15,2047.63,2807.5141
2016-05-19,4282.54,6053.35,9795.89,19694.33,4315.579,7783.4,2040.04,2806.9061
2016-05-20,4353.9,6156.32,9916.02,19852.2,4362.903,7749.7,2052.32,2825.4831
2016-05-23,4325.1,6136.43,9842.29,19809.03,4355.099,7731.05,2048.04,2843.645
2016-05-24,4431.52,6219.26,10057.31,19830.43,4444.297,7748.85,2076.06,2821.6663
2016-05-25,4481.64,6262.85,10205.21,20368.05,4476.434,7934.9,2090.54,2815.0863
2016-05-26,4512.64,6265.65,10272.71,20397.11,4487.961,8069.65,2090.1,2822.4429
2016-05-27,4514.74,6270.79,10286.31,20576.77,4512.541,8156.65,2099.06,2821.046
2016-05-30,4529.4,,10333.23,20629.39,,8178.5,,2822.4509
2016-05-31,4505.62,6230.79,10262.74,20815.09,4523.893,8160.1,2096.96,2916.616
2016-06-01,4475.39,6191.93,10204.44,20760.98,4520.068,8179.95,2099.33,2913.5077
2016-06-02,4466.0,6185.61,10208.0,20859.22,4531.349,8218.95,2105.26,2925.2293
2016-06-03,4421.78,6209.63,10103.26,20947.24,4509.793,8220.8,2099.13,2938.682
2016-06-06,4423.38,6273.4,10121.08,21030.22,4523.633,8201.05,2109.41,2934.0979
2016-06-07,4475.86,6284.53,10287.68,21328.24,4513.087,8266.45,2112.13,2936.0449
2016-06-08,4448.73,6301.52,10217.03,21297.88,4520.629,8273.05,2119.12,2927.159
2016-06-09,4405.61,6231.89,10088.87,,4512.689,8203.6,2115.48,
2016-06-10,4306.72,6115.76,9834.62,21042.64,4461.05,8170.05,2096.07,
2016-06-13,4227.02,6044.97,9657.44,20512.99,4422.759,8110.6,2079.06,2833.0707
2016-06-14,4130.33,5923.53,9519.2,20387.53,4424.911,8108.85,2075.32,2842.1886
2016-06-15,4171.58,5966.8,9606.71,20467.52,4409.51,8206.6,2071.5,2887.2101
2016-06-16,4153.01,5950.48,9550.47,20038.42,4424.233,8140.75,2077.99,2872.8166
2016-06-17,4193.83,6021.09,9631.36,20169.98,4374.381,8170.2,2071.22,2885.105
2016-06-20,4340.76,6204.0,9962.02,20510.2,4400.158,8238.5,2083.25,2888.8091
2016-06-21,4367.24,6226.55,10015.54,20668.44,4413.4,8219.9,2088.9,2878.5575
2016-06-22,4380.03,6261.19,10071.06,20795.12,4404.726,8203.7,2085.45,2905.5495
2016-06-23,4465.9,6338.1,10257.03,20868.34,4467.482,8270.45,2113.32,2891.9602
2016-06-24,4106.73,6138.69,9557.16,20259.13,4285.701,8088.6,2037.41,2854.2864
2016-06-27,3984.72,5982.2,9268.66,20227.3,4201.055,8094.7,2000.54,2895.7033
2016-06-28,4088.85,6140.39,9447.28,20172.46,4290.468,8127.85,2036.09,2912.5574
2016-06-29,4195.32,6360.06,9612.27,20436.12,4364.738,8204.0,2070.77,2931.5923
2016-06-30,4237.48,6504.33,9680.09,20794.37,4417.699,8287.75,2098.86,2929.6057
2016-07-01,4273.96,6577.83,9776.12,,4437.445,8328.35,2102.95,2932.4758
2016-07-04,4234.86,6522.26,9709.09,21059.2,,8370.7,,2988.604
2016-07-05,4163.42,6545.37,9532.61,20750.72,4410.747,8335.95,2088.55,3006.3919
2016-07-06,4085.3,6463.59,9373.26,20495.29,4444.702,,2099.73,3017.2924
2016-07-07,4117.85,6533.79,9418.78,20706.92,4459.584,8337.9,2097.9,3016.8467
2016-07-08,4190.68,6590.64,9629.66,20564.17,4528.364,8323.2,2129.9,2988.0939
2016-07-11,4264.53,6682.86,9833.41,20880.5,4554.71,8467.9,2137.16,2994.9167
2016-07-12,4331.38,6680.69,9964.07,21224.74,4577.612,8521.05,2152.14,3049.381
2016-07-13,4335.26,6670.4,9930.71,21322.37,4565.771,8519.5,2152.43,3060.6893
2016-07-14,4385.52,6654.47,10068.3,21561.06,4596.488,8565.0,2163.75,3054.0182
2016-07-15,4372.51,6669.24,10066.9,21659.25,4589.828,8541.4,2161.74,3054.296
2016-07-18,4357.74,6695.42,10063.13,21803.18,4619.68,8508.7,2166.89,3043.5643
2016-07-19,4330.13,6697.37,9981.24,21673.2,4603.284,8528.55,2163.78,3036.5979
2016-07-20,4379.76,6728.99,10142.01,21882.48,4657.2,8565.85,2173.02,3027.8995
2016-07-21,4376.25,6699.89,10156.21,22000.49,4647.016,8510.1,2165.17,3039.0091
2016-07-22,4381.1,6730.48,10147.46,21964.27,4666.071,8541.2,2175.03,3012.8157
2016-07-25,4388.0,6710.13,10198.24,21993.44,4665.928,8635.65,2168.48,3015.8278
2016-07-26,4394.77,6724.03,10247.76,22129.73,4672.112,8590.65,2169.18,3050.1661
2016-07-27,4446.96,6750.43,10319.55,22218.99,4702.885,8615.8,2166.58,2991.9991
2016-07-28,4420.58,6721.06,10274.93,22174.34,4721.409,8666.3,2170.06,2994.3234
2016-07-29,4439.81,6724.43,10337.5,21891.37,4730.231,8638.5,2173.6,2979.3388
2016-08-01,4409.17,6693.95,10330.52,22129.14,4756.039,8636.55,2170.84,2953.3854
2016-08-02,4327.99,6645.4,10144.34,,4719.212,8622.9,2157.03,2971.2787
2016-08-03,4321.08,6634.4,10170.21,21739.12,4734.329,8544.85,2163.79,2978.4608
2016-08-04,4345.63,6740.16,10227.86,21832.23,4743.812,8551.1,2164.25,2982.4261
2016-08-05,4410.55,6793.47,10367.21,22146.09,4791.21,8683.15,2182.87,2976.6962
2016-08-08,4415.46,6809.13,10432.36,22494.76,4784.743,8711.35,2180.89,3004.2767
2016-08-09,4468.07,6851.3,10692.9,22465.61,4795.749,8678.25,2181.74,3025.6805
2016-08-10,4452.01,6866.42,10650.89,22492.43,4783.393,8575.3,2175.49,3018.7459
2016-08-11,4503.95,6914.71,10742.84,22580.55,4803.314,8592.15,2185.79,3002.6376
2016-08-12,4500.19,6916.02,10713.43,22766.91,4807.076,8672.15,2184.05,3050.6674
2016-08-15,4497.86,6941.19,10739.21,22932.51,4827.116,,2190.15,3125.1952
2016-08-16,4460.44,6893.92,10676.65,22910.84,4797.187,8642.55,2178.15,3110.0369
2016-08-17,4417.68,6859.15,10537.67,22799.78,4805.453,8624.05,2182.22,3109.5549
2016-08-18,4437.06,6868.96,10603.03,23023.16,4808.684,8673.25,2187.02,3104.1138
2016-08-19,4400.52,6858.95,10544.36,22937.22,4806.138,8666.9,2183.87,3108.102
2016-08-22,4389.94,6828.54,10494.35,22997.91,4808.558,8629.15,2182.64,3084.8051
2016-08-23,4421.45,6868.51,10592.88,22998.93,4818.48,8632.6,2186.9,3089.7055
2016-08-24,4435.47,6835.78,10622.97,22820.78,4783.485,8650.3,2175.44,3085.8804
2016-08-25,4406.61,6816.9,10529.59,22814.95,4775.425,8592.2,2172.47,3068.3294
2016-08-26,4441.87,6838.05,10587.77,22909.54,4783.694,8572.55,2169.04,3070.3088
2016-08-29,4424.25,,10544.44,22821.34,4791.086,8607.45,2180.38,3070.0273
2016-08-30,4457.49,6820.79,10657.64,23016.11,4775.995,8744.35,2176.12,3074.6768
2016-08-31,4438.22,6781.51,10592.69,22976.88,4771.055,8786.2,2170.95,3085.491
2016-09-01,4439.67,6745.97,10534.31,23162.34,4783.938,8774.65,2170.86,3063.3054
2016-09-02,4542.17,6894.6,10683.82,23266.7,4798.741,8809.65,2179.98,3067.352
2016-09-05,4541.08,6879.42,10672.22,23649.55,,,,3072.0953
2016-09-06,4529.96,6826.05,10687.14,23787.68,4829.512,8943.0,2186.48,3090.7127
2016-09-07,4557.66,6846.58,10752.98,23741.81,4831.861,8917.95,2186.16,3091.9281
2016-09-08,4542.2,6858.7,10675.29,23919.34,4803.998,8952.5,2181.3,3095.9543
2016-09-09,4491.4,6776.95,10573.44,24099.7,4681.535,8866.7,2127.81,3078.8548
2016-09-12,4439.8,6700.9,10431.77,23290.6,4764.652,8715.6,2159.04,3021.9771
2016-09-13,4387.18,6665.63,10386.6,23215.76,4722.845,,2127.02,3023.5095
2016-09-14,4370.26,6673.31,10378.4,23190.64,4746.063,8726.6,2125.77,3002.8486
2016-09-15,4373.22,6730.3,10431.2,23335.59,4819.897,8742.55,2147.26,
2016-09-16,4332.45,6710.28,10276.17,,4818.054,8779.85,2139.16,
2016-09-19,4394.19,6813.55,10373.87,23550.45,4796.071,8808.4,2139.12,3026.0513
2016-09-20,4388.6,6830.79,10393.86,23530.86,4805.22,8775.9,2139.76,3022.9995
2016-09-21,4409.55,6834.77,10436.49,23669.9,4853.748,8777.15,2163.12,3025.8736
2016-09-22,4509.82,6911.4,10674.18,23759.8,4891.363,8867.45,2177.18,3042.3132
2016-09-23,4488.69,6909.43,10626.97,23686.48,4858.909,8831.55,2164.69,3033.8956
2016-09-26,4407.85,6818.04,10393.71,23317.92,4817.167,8723.05,2146.1,2980.4295
2016-09-27,4398.68,6807.67,10361.48,23571.9,4866.706,8706.4,2159.93,2998.1723
2016-09-28,4432.45,6849.38,10438.34,23619.65,4875.268,8745.15,2171.37,2987.8576
2016-09-29,4443.84,6919.42,10405.54,23739.47,4838.3,8591.25,2151.13,2998.4827
2016-09-30,4448.26,6899.33,10511.02,23297.15,4875.697,8611.15,2168.27,3004.703
2016-10-03,4453.56,6983.52,,23584.43,4866.625,8738.1,2161.2,
2016-10-04,4503.09,7074.34,10619.61,23689.44,4859.467,8769.15,2150.49,
2016-10-05,4489.95,7033.25,10585.78,23788.31,4877.749,8743.95,2159.73,
2016-10-06,4480.1,6999.96,10568.8,23952.5,4873.924,8709.55,2160.77,
2016-10-07,4449.91,7044.39,10490.86,23851.82,4864.523,8697.6,2153.74,
2016-10-10,4497.26,7097.5,10624.08,,4893.767,8708.8,2163.66,3048.1428
2016-10-11,4471.74,7070.88,10577.16,23549.52,4821.914,,2136.73,3065.2497
2016-10-12,4452.24,7024.01,10523.07,23407.05,4819.635,,2139.18,3058.4981
2016-10-13,4405.17,6977.74,10414.07,23031.3,4803.102,8573.35,2132.55,3061.3458
2016-10-14,4470.92,7013.55,10580.38,23233.31,4808.485,8583.4,2132.98,3063.8086
2016-10-17,4450.23,6947.55,10503.57,23037.54,4796.17,8520.4,2126.5,3041.1663
2016-10-18,4508.91,7000.06,10631.55,23394.39,4839.721,8677.9,2139.6,3083.8751
2016-10-19,4520.3,7021.92,10645.68,23304.97,4836.61,8659.1,2144.29,3084.7189
2016-10-20,4540.12,7026.9,10701.39,23374.4,4832.71,8699.4,2141.34,3084.4577
2016-10-21,4536.07,7020.47,10710.73,,4851.861,8693.05,2141.16,3090.9412
2016-10-24,4552.58,6986.4,10761.17,23604.08,4909.969,8708.95,2151.33,3128.2467
2016-10-25,4540.84,7017.64,10757.31,23565.11,4891.455,8691.3,2143.16,3131.9385
2016-10-26,4534.59,6958.09,10709.68,23325.43,4860.593,8615.25,2139.43,3116.3119
2016-10-27,4533.57,6986.57,10717.08,23132.35,4836.447,8615.25,2133.04,3112.3498
2016-10-28,4548.58,6996.26,10696.19,22954.81,4805.593,8638.0,2126.41,3104.2703
2016-10-31,4509.26,6954.22,10665.01,22934.54,4801.271,,2126.15,3100.492
2016-11-01,4470.28,6917.14,10526.16,23147.07,4766.937,8626.25,2111.72,3122.4356
2016-11-02,4414.67,6845.42,10370.93,22810.5,4726.907,8514.0,2097.94,3102.7326
2016-11-03,4411.68,6790.51,10325.88,22683.51,4679.103,8484.95,2088.66,3128.9356
2016-11-04,4377.46,6693.26,10259.13,22642.62,4660.456,8433.75,2085.18,3125.3167
2016-11-07,4461.21,6806.9,10456.95,22801.4,4773.729,8497.05,2131.52,3133.3326
2016-11-08,4476.89,6843.13,10482.32,22909.47,4804.92,8543.55,2139.56,3147.8875
2016-11-09,4543.48,6911.84,10646.01,22415.19,4825.184,8432.0,2163.26,3128.3702
2016-11-10,4530.95,6827.98,10630.12,22839.11,4747.028,8525.75,2167.48,3171.282
2016-11-11,4489.27,6730.43,10667.95,22531.09,4751.951,8296.3,2164.45,3196.0436
2016-11-14,4508.55,6753.18,10693.69,22222.22,4702.045,,2164.2,3210.371
2016-11-15,4536.53,6792.74,10735.14,22323.91,4764.474,8108.45,2180.39,3206.9858
2016-11-16,4501.14,6749.72,10663.87,22280.53,4792.268,8111.6,2176.94,3205.0572
2016-11-17,4527.77,6794.71,10685.54,22262.88,4826.588,8079.95,2187.12,3208.4525
2016-11-18,4504.35,6775.77,10664.56,22344.21,4808.042,8074.1,2181.9,3192.8559
2016-11-21,4529.58,6777.96,10685.13,22357.78,4858.998,7929.1,2198.18,3218.1477
2016-11-22,4548.35,6819.72,10713.85,22678.07,4873.842,8002.3,2202.94,3248.3517
2016-11-23,4529.21,6817.71,10662.44,22676.69,4853.862,8033.3,2204.72,3241.1366
2016-11-24,4542.56,6829.2,10689.26,22608.49,,7965.5,,3241.7359
2016-11-25,4550.27,6840.75,10699.27,22723.45,4870.017,8114.3,2213.35,3261.9378
2016-11-28,4510.39,6799.47,10582.67,22830.57,4857.021,8126.9,2201.72,3276.9996
2016-11-29,4551.46,6772.0,10620.49,22737.07,4873.209,8142.15,2204.66,3282.9238
2016-11-30,4578.34,6783.79,10640.3,22789.77,4810.814,8224.5,2198.81,3250.0344
2016-12-01,4560.61,6752.93,10534.05,22878.23,4734.096,8192.9,2191.08,3273.3093
2016-12-02,4528.82,6730.72,10513.35,22564.82,4739.372,8086.8,2191.95,3243.8432
2016-12-05,4574.32,6746.83,10684.83,22505.55,4778.141,8128.75,2204.71,3204.7092
2016-12-06,4631.94,6779.84,10775.32,22675.15,4788.671,8143.15,2212.23,3199.6473
2016-12-07,4694.72,6902.23,10986.69,22800.92,4851.939,8102.05,2241.35,3222.2415
2016-12-08,4735.48,6931.55,11179.42,22861.84,4859.186,8246.85,2246.19,3215.3658
2016-12-09,4764.07,6954.21,11203.63,22760.98,4895.904,8261.75,2259.53,3232.8834
2016-12-12,4760.77,6890.42,11190.21,22433.02,4874.298,8170.8,2256.96,3152.9704
2016-12-13,4803.87,6968.57,11284.65,22446.7,4935.838,8221.8,2271.72,3155.0374
2016-12-14,4769.24,6949.19,11244.84,22456.62,4921.218,8182.45,2253.28,3140.5308
2016-12-15,4819.23,6999.01,11366.4,22059.4,4933.407,8153.6,2262.03,3117.677
2016-12-16,4833.27,7011.64,11404.01,22020.75,4914.864,8139.45,2258.07,3122.9815
2016-12-19,4822.77,7017.16,11426.7,21832.68,4934.847,8104.35,2262.53,3118.0846
2016-12-20,4849.89,7043.96,11464.74,21729.06,4953.803,8082.4,2270.76,3102.8759
2016-12-21,4833.82,7041.42,11468.64,21809.8,4948.905,8061.3,2265.18,3137.4297
2016-12-22,4834.63,7063.68,11456.1,21636.2,4934.391,7979.1,2260.96,3139.558
2016-12-23,4839.68,7068.17,11449.93,21574.76,4940.023,7985.75,2263.79,3110.1544
2016-12-27,4848.28,,11472.24,,4965.807,8032.85,2268.88,3114.664
2016-12-28,4848.01,7106.08,11474.99,21754.74,4926.286,8034.85,2249.92,3102.2357
2016-12-29,4838.47,7120.26,11451.05,21790.91,4918.283,8103.6,2249.26,3096.0968
2016-12-30,4862.31,7142.83,11481.06,22000.56,4863.62,8185.8,2238.83,3103.6373
2017-01-02,4882.38,,11598.33,,,8179.5,,
2017-01-03,4899.33,7177.89,11584.24,22150.4,4911.334,8192.25,2257.83,3135.9208
2017-01-04,4899.4,7189.74,11584.31,22134.47,4937.205,8190.5,2270.75,3158.794
2017-01-05,4900.64,7195.31,11584.94,22456.69,4964.953,8273.8,2269.0,3165.4109
2017-01-06,4909.84,7210.05,11599.01,22503.01,5007.077,8243.8,2276.98,3154.321
2017-01-09,4887.57,7237.77,11563.99,22558.69,5024.899,8236.05,2268.9,3171.2362
2017-01-10,4888.23,7275.47,11583.3,22744.85,5035.168,8288.6,2268.9,3161.6713
2017-01-11,4888.71,7290.49,11646.17,22935.35,5050.21,8380.65,2275.32,3136.7535
2017-01-12,4863.97,7292.37,11521.04,22829.02,5041.427,8407.2,2270.44,3119.2886
2017-01-13,4922.49,7337.81,11629.18,22937.38,5059.51,8400.35,2274.64,3112.7644
2017-01-16,4882.18,7327.13,11554.71,22718.15,,8412.8,,3103.428
2017-01-17,4859.69,7220.38,11540.0,22840.97,5044.652,8398.0,2267.89,3108.7746
2017-01-18,4853.4,7247.61,11599.39,23098.26,5055.851,8417.0,2271.89,3113.0123
2017-01-19,4841.14,7208.44,11596.89,23049.96,5051.168,8435.1,2263.69,3101.2992
2017-01-20,4850.67,7198.44,11630.13,22885.91,5063.197,8349.35,2271.31,3123.1389
2017-01-23,4821.41,7151.18,11545.75,22898.52,5065.7,8391.5,2265.2,3136.7748
2017-01-24,4830.03,7150.34,11594.94,22949.86,5101.064,8475.8,2280.07,3142.5533
2017-01-25,4877.67,7164.43,11806.05,23049.12,5151.471,8602.75,2298.37,3149.5547
2017-01-26,4867.24,7161.49,11848.63,23374.17,5156.922,,2296.68,3159.166
2017-01-27,4839.98,7184.49,11814.27,23360.78,5168.06,8641.25,2294.69,
2017-01-30,4784.64,7118.48,11681.89,,5129.329,8632.75,2280.9,
2017-01-31,4748.9,7099.15,11535.31,,5116.768,8561.3,2278.87,
2017-02-01,4794.58,7107.65,11659.5,23318.39,5152.687,8716.4,2279.55,
2017-02-02,4794.29,7140.75,11627.95,23184.52,5147.702,8734.25,2280.85,
2017-02-03,4825.42,7188.3,11651.49,23129.21,5161.598,8740.95,2297.42,3140.17
2017-02-06,4778.08,7172.15,11509.84,23348.24,5167.963,8801.05,2292.56,3156.9838
2017-02-07,4754.47,7186.22,11549.44,23331.57,5185.877,8768.3,2293.08,3153.0878
2017-02-08,4766.6,7188.82,11543.38,23485.13,5196.577,8769.05,2294.67,3166.9818
2017-02-09,4826.24,7229.5,11642.86,23525.14,5212.156,8778.4,2307.87,3183.1794
2017-02-10,4828.32,7258.75,11666.97,23574.98,5226.686,8793.55,2316.1,3196.699
2017-02-13,4888.19,7278.92,11774.43,23710.98,5256.816,8805.05,2328.25,3216.8394
2017-02-14,4895.82,7268.56,11771.81,23703.01,5271.072,8792.3,2337.58,3217.928
2017-02-15,4924.86,7302.41,11793.93,23994.87,5302.393,8724.7,2349.25,3212.9857
2017-02-16,4899.46,7277.92,11757.24,24107.7,5300.639,8778.0,2347.22,3229.6184
2017-02-17,4867.58,7299.96,11757.02,24033.74,5324.721,8821.7,2351.16,3202.0756
2017-02-20,4864.99,7299.86,11827.62,24146.08,,8879.2,,3239.9613
2017-02-21,4888.76,7274.83,11967.49,23963.63,5350.725,8907.85,2365.38,3253.3257
2017-02-22,4895.88,7302.25,11998.59,24201.96,5352.134,8926.9,2362.82,3261.2184
2017-02-23,4891.29,7271.37,11947.83,24114.86,5332.373,8939.5,2363.81,3251.375
2017-02-24,4845.24,7243.7,11804.03,23965.7,5343.314,,2367.34,3253.4327
2017-02-27,4845.18,7253.0,11822.67,23925.05,5347.549,8896.7,2369.75,3228.6602
2017-02-28,4858.58,7263.44,11834.41,23740.73,5330.305,8879.6,2363.64,3241.7331
2017-03-01,4960.83,7382.9,12067.19,23776.49,5390.989,8945.8,2395.96,3246.9335
2017-03-02,4963.8,7382.35,12059.57,23728.07,5363.259,8899.75,2381.92,3230.0281
2017-03-03,4995.13,7374.26,12027.36,23552.72,5373.478,8897.55,2383.12,3218.3118
2017-03-06,4972.19,7350.12,11958.4,23596.28,5360.313,8963.45,2375.31,3233.8657
2017-03-07,4955.0,7338.99,11966.14,23681.07,5351.281,8946.9,2368.39,3242.4063
2017-03-08,4960.48,7334.61,11967.31,23782.27,5359.805,8924.3,2362.98,3240.6646
2017-03-09,4981.51,7314.96,11978.39,23501.56,5363.982,8927.0,2364.87,3216.7457
2017-03-10,4993.32,7343.08,11963.18,23568.67,5385.899,8934.55,2372.6,3212.7601
2017-03-13,4999.6,7367.08,11990.03,23829.67,5394.573,,2373.47,3237.0244
2017-03-14,4974.26,7357.85,11988.79,23827.95,5382.167,9087.0,2365.45,3239.3278
2017-03-15,4985.48,7368.64,12009.87,23792.85,5416.252,9084.8,2385.26,3241.7597
2017-03-16,5013.38,7415.95,12083.18,24288.28,5412.08,9153.7,2381.38,3268.9354
2017-03-17,5029.24,7424.96,12095.24,24309.93,5408.764,9160.05,2378.25,3237.4471
2017-03-20,5012.16,7429.81,12052.9,24501.99,5413.308,9126.85,2373.47,3250.8082
2017-03-21,5002.43,7378.34,11962.13,24593.12,5332.533,9121.5,2344.02,3261.6108
2017-03-22,4994.7,7324.72,11904.12,24320.41,5367.555,9030.45,2348.45,3245.2198
2017-03-23,5032.76,7340.71,12039.68,24327.7,5355.143,9086.3,2345.96,3248.5495
2017-03-24,5020.9,7336.82,12064.27,24358.27,5363.995,9108.0,2343.98,3269.4451
2017-03-27,5017.43,7293.5,11996.07,24193.7,5374.273,9045.2,2341.59,3266.9552
2017-03-28,5046.2,7343.42,12149.42,24345.87,5407.208,9100.8,2358.57,3252.9479
2017-03-29,5069.04,7373.72,12203.0,24392.05,5430.268,9143.8,2361.13,3241.3144
2017-03-30,5089.64,7369.52,12256.43,24301.09,5439.742,9173.75,2368.06,3210.2369
2017-03-31,5122.51,7322.92,12312.87,24111.59,5436.232,9173.75,2362.72,3222.5142
2017-04-03,5085.91,7282.69,12257.2,24261.48,5432.2,9237.85,2358.84,
2017-04-04,5101.13,7321.82,12282.34,,5440.407,,2360.16,
2017-04-05,5091.85,7331.68,12217.54,24400.8,5418.524,9265.15,2352.95,3270.3054
2017-04-06,5121.44,7303.2,12230.89,24273.72,5420.88,9261.95,2357.49,3281.0047
2017-04-07,5135.28,7349.37,12225.06,24267.3,5418.369,9198.3,2355.54,3286.616
2017-04-10,5107.45,7348.94,12200.52,24262.18,5421.679,9181.45,2357.16,3269.3926
2017-04-11,5101.86,7365.5,12139.35,24088.46,5398.399,9237.0,2353.78,3288.9657
2017-04-12,5101.11,7348.99,12154.7,24313.5,5377.03,9203.45,2344.93,3273.8301
2017-04-13,5071.1,7327.59,12109.0,24261.66,5353.586,9150.8,2328.95,3275.9603
2017-04-18,4990.25,7147.5,12000.44,23924.54,5391.656,9105.15,2342.19,3196.7133
2017-04-19,5003.73,7114.36,12016.45,23825.88,5399.636,9103.5,2338.17,3170.6867
2017-04-20,5077.91,7118.54,12027.32,24056.98,5443.532,9136.4,2355.84,3172.1003
2017-04-21,5059.2,7114.55,12048.57,24042.02,5442.049,9119.4,2348.69,3173.1512
2017-04-24,5268.85,7264.68,12454.98,24139.48,5508.033,9217.95,2374.15,3129.5312
2017-04-25,5277.88,7275.64,12467.04,24455.94,5548.194,9306.6,2388.61,3134.5674
2017-04-26,5287.88,7288.72,12472.8,24578.43,5541.086,9351.85,2387.45,3140.8471
2017-04-27,5271.7,7237.17,12443.79,24698.48,5571.283,9342.15,2388.77,3152.1869
2017-04-28,5267.33,7203.94,12438.01,24615.13,5583.53,9304.05,2384.2,3154.6584
2017-05-02,5304.15,7250.05,12507.9,24696.13,5644.068,9313.8,2391.17,3143.7121
2017-05-03,5301.0,7234.53,12527.84,,5625.158,9311.95,2388.13,3135.346
2017-05-04,5372.42,7248.1,12647.78,24683.88,5626.316,9359.9,2389.52,3127.3687
2017-05-05,5432.4,7297.43,12716.89,24476.35,5646.094,9285.3,2399.29,3103.0378
2017-05-08,5382.95,7300.86,12694.55,24577.91,5659.069,9314.05,2399.38,3078.6129
2017-05-09,5398.01,7342.21,12749.12,24889.03,5678.309,9316.85,2396.92,3080.5269
2017-05-10,5400.46,7385.24,12757.46,25015.42,5681.68,9407.3,2399.63,3052.785
2017-05-11,5383.42,7386.63,12711.06,25125.55,5674.218,9422.4,2394.44,3061.5003
2017-05-12,5405.42,7435.39,12770.41,25156.34,5686.81,9400.9,2390.9,3083.5132
2017-05-15,5417.4,7454.37,12807.04,25371.59,5704.479,9445.4,2402.32,3090.2289
2017-05-16,5406.1,7522.03,12804.53,25335.94,5724.437,9512.25,2400.67,3112.9642
2017-05-17,5317.89,7503.47,12631.61,25293.63,5580.548,9525.75,2357.03,3104.4415
2017-05-18,5289.73,7436.42,12590.06,25136.52,5626.31,9429.45,2365.72,3090.139
2017-05-19,5324.4,7470.71,12638.69,25174.87,5651.564,9427.9,2381.73,3090.6309
2017-05-22,5322.88,7496.34,12619.46,25391.34,5699.404,9438.25,2394.02,3075.6756
2017-05-23,5348.16,7485.29,12659.15,25403.15,5703.346,9386.15,2398.42,3061.947
2017-05-24,5341.34,7514.9,12642.87,25428.5,5730.301,9360.55,2404.39,3064.0759
2017-05-25,5337.16,7517.71,12621.72,25630.78,5778.374,9509.75,2415.07,3107.8311
2017-05-26,5336.64,7547.63,12602.18,25639.27,5788.359,9595.1,2415.82,3110.0587
2017-05-29,5332.47,,12628.95,25701.63,,9604.9,,
2017-05-30,5305.94,7526.51,12598.68,,5794.632,9624.55,2412.91,
2017-05-31,5283.63,7519.95,12615.06,25660.65,5788.802,9621.25,2411.8,3117.1778
2017-06-01,5318.67,7543.77,12664.92,25809.22,5816.511,9616.1,2430.06,3102.6232
2017-06-02,5343.41,7547.63,12822.94,25924.05,5881.458,9653.5,2439.07,3105.54
2017-06-05,5307.89,7525.76,,25862.99,5878.117,9675.1,2436.1,3091.6561
2017-06-06,5269.22,7524.95,12690.12,25997.14,5856.769,9637.15,2429.33,3102.126
2017-06-07,5265.53,7478.62,12672.49,25974.16,5877.59,9663.9,2433.14,3140.3249
2017-06-08,5264.24,7449.98,12713.58,26063.06,5885.296,9647.25,2433.79,3150.3336
2017-06-09,5299.71,7527.33,12815.72,26030.29,5741.944,9668.25,2431.77,3158.4004
2017-06-12,5240.59,7511.87,12690.44,25708.04,5708.18,9616.4,2429.39,3139.8766
2017-06-13,5261.74,7500.44,12764.98,25852.1,5751.817,9606.9,2440.35,3153.7429
2017-06-14,5243.29,7474.4,12805.95,25875.9,5727.066,9618.15,2437.92,3130.674
2017-06-15,5216.88,7419.36,12691.81,25565.34,5700.885,9578.05,2432.46,3132.4863
2017-06-16,5263.31,7463.54,12752.73,25626.49,5681.479,9588.05,2433.15,3123.1662
2017-06-19,5310.72,7523.81,12888.95,25924.55,5772.223,9657.55,2453.46,3144.3739
2017-06-20,5293.65,7472.71,12814.79,25843.04,5726.311,9653.5,2437.03,3140.0136
2017-06-21,5274.26,7447.79,12774.26,25694.58,5782.394,9633.6,2435.61,3156.2118
2017-06-22,5281.93,7439.29,12794.0,25674.53,5779.87,9630.0,2434.5,3147.4532
2017-06-23,5266.12,7424.13,12733.41,25670.05,5803.105,9574.95,2438.3,3157.873
2017-06-26,5295.75,7446.8,12770.83,25871.89,5777.588,,2439.07,3185.4439
2017-06-27,5258.58,7434.36,12671.02,25839.99,5671.598,9511.4,2419.38,3191.1969
2017-06-28,5252.9,7387.8,12647.27,25683.5,5753.032,9491.25,2440.69,3173.2014
2017-06-29,5154.35,7350.32,12416.19,25965.42,5653.021,9504.1,2419.7,3188.0625
2017-06-30,5120.68,7312.72,12325.12,25764.58,5646.918,9520.9,2423.41,3192.4269
2017-07-03,5195.72,7377.09,12475.31,25784.17,5596.956,9615.0,2429.01,3195.9116
2017-07-04,5174.9,7357.23,12437.13,25389.01,,9613.3,,3182.8039
2017-07-05,5180.1,7367.6,12453.68,25521.97,5648.816,9637.6,2432.54,3207.1342
2017-07-06,5152.4,7337.28,12381.25,25465.22,5597.905,9674.55,2409.75,3212.444
2017-07-07,5145.16,7350.92,12388.68,25340.85,5656.47,9665.8,2425.18,3217.9567
2017-07-10,5165.64,7370.03,12445.92,25500.06,5694.152,9771.05,2427.43,3212.6319
2017-07-11,5140.6,7329.76,12437.02,25877.64,5709.799,9786.05,2425.53,3203.0375
2017-07-12,5222.13,7416.93,12626.58,26043.64,5778.95,9816.1,2443.25,3197.5439
2017-07-13,5235.4,7413.44,12641.33,26346.17,5793.356,9891.7,2447.83,3218.1632
2017-07-14,5235.31,7378.39,12631.72,26389.23,5838.083,9886.35,2459.27,3222.4168
2017-07-17,5230.17,7404.13,12587.16,26470.58,5839.736,9915.95,2459.14,3176.4648
2017-07-18,5173.27,7390.22,12430.39,26524.94,5880.095,9827.15,2460.61,3187.5672
2017-07-19,5216.07,7430.91,12452.05,26672.16,5916.162,9899.6,2473.83,3230.9762
2017-07-20,5199.22,7487.87,12447.25,26740.21,5921.223,9873.3,2473.45,3244.8647
2017-07-21,5117.66,7452.91,12240.06,26706.09,5921.525,9915.25,2472.54,3237.9817
2017-07-24,5127.7,7377.73,12208.95,26846.83,5941.369,9966.4,2469.91,3250.5989
2017-07-25,5161.08,7434.82,12264.31,26852.05,5930.646,9964.55,2477.13,3243.6894
2017-07-26,5190.17,7452.32,12305.11,26941.02,5950.734,10020.65,2477.83,3247.6748
2017-07-27,5186.95,7443.01,12212.04,27131.17,5917.028,10020.55,2475.42,3249.7814
2017-07-28,5131.39,7368.37,12162.7,26979.39,5908.916,10014.5,2472.1,3253.2404
2017-07-31,5093.77,7372.0,12118.25,27323.99,5880.327,10077.1,2470.3,3273.0283
2017-08-01,5127.03,7423.66,12251.29,27540.23,5895.171,10114.65,2476.35,3292.6383
2017-08-02,5107.25,7411.43,12181.48,27607.38,5914.23,10081.5,2477.57,3285.0568
2017-08-03,5130.49,7474.77,12154.72,27531.01,5891.197,10013.65,2472.16,3272.9286
2017-08-04,5203.44,7511.71,12297.72,27562.68,5899.905,10066.4,2476.83,3262.0809
2017-08-07,5207.89,7531.94,12257.17,27690.36,5934.728,10057.4,2480.91,3279.4566
2017-08-08,5218.89,7542.73,12292.05,27854.91,5926.352,9978.55,2474.92,3281.8728
2017-08-09,5145.7,7498.06,12154.0,27757.09,5919.391,9908.05,2474.02,3275.573
2017-08-10,5115.23,7389.94,12014.3,27444.0,5788.192,9820.25,2438.21,3261.7494
2017-08-11,5060.92,7309.96,12014.06,26883.51,5831.533,9710.8,2441.32,3208.5413
2017-08-14,5121.67,7353.89,12165.12,27250.23,5908.167,9794.15,2465.84,3237.3602
2017-08-15,5140.25,7383.85,12177.04,27174.96,5907.73,,2464.61,3251.2617
2017-08-16,5176.61,7433.03,12263.86,27409.07,5917.42,9897.3,2468.11,3246.4512
2017-08-17,5146.85,7387.87,12203.46,27344.22,5796.318,9904.15,2430.01,3268.4298
2017-08-18,5114.15,7323.98,12165.19,27047.57,5790.909,9837.4,2425.55,3268.7243
2017-08-21,5087.59,7318.88,12065.99,27154.68,5786.537,9754.35,2428.37,3286.9055
2017-08-22,5131.86,7381.74,12229.34,27401.67,5873.333,9765.55,2452.51,3290.2257
2017-08-23,5115.39,7382.65,12174.3,,5851.783,9852.5,2444.04,3287.7049
2017-08-24,5113.13,7407.06,12180.83,27518.6,5834.44,9857.05,2438.97,3271.5117
2017-08-25,5104.33,7401.46,12167.94,27848.16,5822.533,,2443.05,3331.5221
2017-08-28,5079.75,,12123.47,27863.29,5838.081,9912.8,2444.24,3362.6514
2017-08-29,5031.92,7337.43,11945.88,27765.01,5862.137,9796.05,2446.3,3365.2261
2017-08-30,5056.34,7365.26,12002.47,28094.61,5932.9,9884.4,2457.59,3363.6266
2017-08-31,5085.59,7430.62,12055.84,27970.3,5988.604,9917.9,2471.65,3360.8103
2017-09-01,5123.26,7438.5,12142.64,27953.16,5987.9,9974.4,2476.55,3367.1194
2017-09-04,5103.97,7411.47,12102.21,27740.26,,9912.85,,3379.583
2017-09-05,5086.56,7372.92,12123.71,27741.35,5932.731,9952.2,2457.85,3384.317
2017-09-06,5101.41,7354.13,12214.54,27613.76,5951.126,9916.2,2465.54,3385.3888
2017-09-07,5114.62,7396.98,12296.63,27522.92,5964.312,9929.9,2465.1,3365.4974
2017-09-08,5113.49,7377.6,12303.98,27668.47,5913.368,9934.8,2461.43,3365.2426
2017-09-11,5176.71,7413.59,12475.24,27955.13,5980.525,10006.05,2488.11,3376.4188
2017-09-12,5209.01,7400.69,12524.77,27972.24,5995.635,10093.05,2496.48,3379.488
2017-09-13,5217.59,7379.7,12553.57,27894.08,6004.38,10079.3,2498.37,3384.147
2017-09-14,5225.2,7295.39,12540.45,27777.2,5968.818,10086.6,2495.62,3371.4256
2017-09-15,5213.91,7215.47,12518.81,27807.59,5987.999,10085.4,2500.23,3353.6192
2017-09-18,5229.32,7253.28,12559.39,28159.77,5981.118,10153.1,2503.87,3362.8587
2017-09-19,5237.44,7275.25,12561.79,28051.41,5991.078,10147.55,2506.65,3356.8446
2017-09-20,5241.66,7271.95,12569.17,28127.8,5973.605,10141.15,2508.24,3365.9959
2017-09-21,5267.29,7263.9,12600.03,28110.33,5934.913,10121.9,2500.6,3357.8123
2017-09-22,5281.29,7310.64,12592.35,27880.53,5932.321,9964.4,2502.22,3352.5294
2017-09-25,5267.13,7301.29,12594.81,27500.34,5867.348,9872.6,2496.66,3341.5487
2017-09-26,5268.76,7285.74,12605.2,27513.01,5881.336,9871.5,2496.84,3343.5826
2017-09-27,5281.96,7313.51,12657.41,27642.43,5937.791,9735.75,2507.04,3345.2717
2017-09-28,5293.77,7322.82,12704.65,27421.6,5933.069,9768.95,2510.06,3339.6421
2017-09-29,5329.81,7372.76,12828.86,27554.3,5979.298,9788.6,2519.36,3348.9431
2017-10-02,5350.44,7438.84,12902.65,,5981.918,,2529.12,
2017-10-03,5367.41,7468.11,,28173.21,5995.06,9859.5,2534.58,
2017-10-04,5363.23,7467.58,12970.52,28379.18,5998.836,9914.9,2537.74,
2017-10-05,5379.21,7507.99,12968.05,,6057.143,9888.7,2552.07,
2017-10-06,5359.9,7522.87,12955.94,28458.04,6064.572,9979.7,2549.33,
2017-10-09,5365.83,7507.89,12976.4,28326.59,6058.531,9988.75,2544.73,3374.3781
2017-10-10,5363.65,7538.27,12949.25,28490.83,6063.522,10016.95,2550.64,3382.9879
2017-10-11,5362.41,7533.81,12970.68,28389.57,6081.25,9984.8,2555.24,3388.2838
2017-10-12,5360.81,7556.24,12982.89,28459.03,6069.988,10096.4,2550.93,3386.1
2017-10-13,5351.74,7535.44,12991.87,28476.43,6092.453,10167.45,2553.17,3390.5233
2017-10-16,5362.88,7526.97,13003.7,28692.8,6114.526,10230.85,2557.64,3378.4704
2017-10-17,5361.37,7516.17,12995.06,28697.49,6122.611,10234.45,2559.36,3372.0407
2017-10-18,5383.81,7542.87,13043.03,28711.76,6114.352,10210.85,2561.26,3381.7937
2017-10-19,5368.29,7523.04,12990.1,28159.09,6092.616,10146.55,2562.1,3370.1721
2017-10-20,5372.38,7523.23,12991.28,28487.24,6108.816,,2575.21,3378.6481
2017-10-23,5386.81,7524.45,13003.14,28305.88,6067.832,10184.85,2564.98,3380.699
2017-10-24,5394.8,7526.54,13013.19,28154.97,6080.218,10207.7,2569.13,3388.2477
2017-10-25,5374.89,7447.21,12953.41,28302.89,6055.041,10295.35,2557.15,3396.8975
2017-10-26,5455.4,7486.5,13133.28,28202.38,6037.872,10343.8,2560.4,3407.5671
2017-10-27,5494.13,7505.03,13217.54,28438.85,6213.468,10323.05,2581.07,3416.8124
2017-10-30,5493.63,7487.81,13229.57,28336.19,6227.591,10363.65,2572.83,3390.3371
2017-10-31,5503.29,7493.08,,28245.54,6248.557,10335.3,2575.26,3393.3417
2017-11-01,5514.29,7487.96,13465.51,28594.06,6248.646,10440.5,2579.36,3395.9125
2017-11-02,5510.5,7555.32,13440.93,28518.64,6236.391,10423.8,2579.85,3383.3095
2017-11-03,5517.97,7560.35,13478.86,28603.61,6295.581,10452.5,2587.84,3371.7441
2017-11-06,5507.25,7562.28,13468.79,28596.8,6313.607,10451.8,2591.13,3388.1742
2017-11-07,5480.64,7513.11,13379.27,28994.34,6320.777,10350.15,2590.64,3413.5748
2017-11-08,5471.43,7529.72,13382.42,28907.6,6345.811,10303.15,2594.38,3415.4602
2017-11-09,5407.75,7484.1,13182.56,29136.57,6312.207,10308.95,2584.62,3427.7946
2017-11-10,5380.72,7432.99,13127.47,29120.92,6309.066,10321.75,2582.3,3432.6731
2017-11-13,5341.63,7415.18,13074.42,29182.18,6316.177,10224.95,2584.84,3447.8358
2017-11-14,5315.58,7414.42,13033.48,29152.12,6293.642,10186.6,2578.87,3429.5482
2017-11-15,5301.25,7372.61,12976.37,28851.69,6258.359,10118.05,2564.62,3402.5245
2017-11-16,5336.39,7386.94,13047.22,29018.76,6339.141,10214.75,2585.64,3399.2503
2017-11-17,5319.17,7380.68,12993.73,29199.04,6314.51,10283.6,2578.85,3382.9075
2017-11-20,5340.45,7389.46,13058.66,29260.31,6308.609,10298.75,2582.14,3392.3988
2017-11-21,5366.15,7411.34,13167.54,29818.07,6378.628,10326.9,2599.03,3410.4977
2017-11-22,5352.76,7419.02,13015.04,30003.49,6386.119,10342.3,2597.08,3430.4643
2017-11-23,5379.54,7417.24,13008.55,29707.94,,10348.75,,3351.9182
2017-11-24,5390.46,7409.64,13059.84,29866.32,6409.287,10389.7,2602.42,3353.8207
2017-11-27,5360.09,7383.9,13000.2,29686.19,6405.966,10399.55,2601.42,3322.2298
2017-11-28,5390.48,7460.65,13059.53,29680.85,6422.557,10370.25,2627.04,3333.657
2017-11-29,5398.05,7393.56,13061.87,29623.83,6311.375,10361.3,2626.07,3337.862
2017-11-30,5372.79,7326.67,13023.98,29177.35,6365.564,10226.55,2647.58,3317.1884
2017-12-01,5316.89,7300.49,12861.49,29074.24,6337.874,10121.8,2642.22,3317.6174
2017-12-04,5389.29,7338.97,13058.55,29138.28,6263.701,10127.75,2639.44,3309.6183
2017-12-05,5375.53,7327.5,13048.54,28842.8,6265.111,10118.25,2629.57,3303.6751
2017-12-06,5374.35,7348.03,12998.85,28224.8,6293.054,10044.1,2629.27,3293.9648
2017-12-07,5383.86,7320.75,13045.15,28303.19,6316.278,10166.7,2636.98,3272.0542
2017-12-08,5399.09,7393.96,13153.7,28639.85,6344.569,10265.65,2651.5,3289.9924
2017-12-11,5386.83,7453.48,13123.65,28965.29,6393.888,10322.25,2659.99,3322.1956
2017-12-12,5427.19,7500.41,13183.53,28793.88,6383.652,10240.15,2664.11,3280.8136
2017-12-13,5399.45,7496.51,13125.64,29222.1,6394.667,10192.95,2662.85,3303.0373
2017-12-14,5357.14,7448.12,13068.08,29166.38,6389.907,10252.1,2652.01,3292.4385
2017-12-15,5349.3,7490.57,13103.56,28848.11,6466.32,10333.25,2675.81,3266.1371
2017-12-18,5420.58,7537.01,13312.3,29050.41,6513.268,10388.75,2690.16,3267.9224
2017-12-19,5382.91,7544.09,13215.79,29253.66,6480.668,10463.2,2681.47,3296.5384
2017-12-20,5352.77,7525.22,13069.17,29234.09,6472.482,10444.2,2679.25,3287.6057
2017-12-21,5385.97,7603.98,13109.74,29367.06,6472.688,10440.3,2684.57,3300.0593
2017-12-22,5364.72,7592.66,13072.79,29578.01,6465.166,10493.0,2683.34,3297.063
2017-12-27,5368.84,7620.68,13070.02,29597.66,6435.152,10490.75,2682.62,3275.7828
2017-12-28,5339.42,7622.88,12979.94,29863.71,6441.421,10477.9,2687.54,3296.3847
2017-12-29,5312.56,7687.77,12917.64,29919.15,6396.422,10530.7,2673.61,3307.1721
2018-01-02,5288.6,7648.1,12871.39,30515.31,6511.342,10442.2,2695.81,3348.3259
2018-01-03,5331.28,7671.11,12978.21,30560.95,6575.803,10443.2,2713.06,3369.1084
2018-01-04,5413.69,7695.88,13167.89,30736.48,6584.578,10504.8,2723.99,3385.7102
2018-01-05,5470.75,7724.22,13319.64,30814.64,6653.291,10558.85,2743.15,3391.7501
2018-01-08,5487.42,7696.51,13367.78,30899.53,6676.631,10623.6,2747.71,3409.4795
2018-01-09,5523.94,7731.02,13385.59,31011.41,6677.936,10637.0,2751.29,3413.8996
2018-01-10,5504.68,7748.51,13281.34,31073.72,6662.658,10632.2,2748.23,3421.8343
2018-01-11,5488.55,7762.94,13202.9,31120.39,6708.492,10651.2,2767.56,3425.3449
2018-01-12,5517.06,7778.64,13245.03,31412.54,6758.541,10681.25,2786.24,3428.9407
2018-01-15,5509.69,7769.14,13200.51,31338.87,,10741.55,,3410.4882
2018-01-16,5513.82,7755.93,13246.33,31904.75,6737.137,10700.45,2776.42,3436.594
2018-01-17,5493.99,7725.43,13183.96,31983.41,6810.283,10788.55,2802.56,3444.6713
2018-01-18,5494.83,7700.96,13281.43,32121.94,6811.378,10817.0,2798.03,3474.754
2018-01-19,5526.51,7730.79,13434.45,32254.89,6834.329,10894.7,2810.3,3487.864
2018-01-22,5541.99,7715.44,13463.69,32393.41,6906.278,10966.2,2832.97,3501.3622
2018-01-23,5535.26,7731.83,13559.6,32930.7,6963.463,11083.7,2839.13,3546.5048
2018-01-24,5495.16,7643.43,13414.74,32958.69,6919.352,11086.0,2837.54,3559.4653
2018-01-25,5481.21,7615.84,13298.36,32654.45,6916.304,11069.65,2839.25,3548.307
2018-01-26,5529.15,7665.54,13340.17,33154.12,7022.971,,2872.87,3558.1288
2018-01-29,5521.59,7671.53,13324.48,32966.89,6988.315,11130.4,2853.53,3523.0007
2018-01-30,5473.78,7587.98,13197.71,32607.29,6930.727,11049.65,2822.43,3488.009
2018-01-31,5481.93,7533.55,13189.48,32887.27,6949.987,11027.7,2823.81,3480.8334
2018-02-01,5454.55,7490.39,13003.9,32642.09,6901.504,11016.9,2821.98,3446.9799
2018-02-02,5364.98,7443.43,12785.16,32601.78,6760.29,10760.6,2762.13,3462.0808
2018-02-05,5285.83,7334.98,12687.49,32245.22,6495.919,10666.55,2648.94,3487.497
2018-02-06,5161.81,7141.4,12392.66,30595.42,6665.979,10498.25,2695.14,3370.652
2018-02-07,5255.9,7279.42,12590.43,30323.2,6582.023,10476.7,2681.66,3309.2598
2018-02-08,5151.68,7170.69,12260.29,30451.27,6306.1,10576.85,2581.0,3262.0504
2018-02-09,5079.21,7092.43,12107.48,29507.42,6412.68,10454.95,2619.55,3129.8508
2018-02-12,5140.06,7177.06,12282.77,29459.63,6523.851,10539.75,2656.0,3154.1254
2018-02-13,5109.24,7168.01,12196.5,29839.53,6553.864,,2662.94,3184.9587
2018-02-14,5165.26,7213.97,12339.16,30515.6,6675.032,10500.9,2698.63,3199.1589
2018-02-15,5222.52,7234.81,12346.17,31115.43,6794.922,10545.5,2731.2,
2018-02-16,5281.58,7294.7,12451.96,,6770.663,10452.3,2732.22,
2018-02-19,5256.18,7247.66,12385.6,,,10378.4,,
2018-02-20,5289.86,7246.77,12487.9,30873.63,6779.695,10360.4,2716.26,
2018-02-21,5302.17,7281.57,12470.49,31431.89,6759.26,10397.45,2701.33,
2018-02-22,5309.23,7252.39,12461.91,30965.68,6761.855,10382.7,2703.96,3268.5589
2018-02-23,5317.37,7244.41,12483.79,31267.17,6896.601,10491.05,2747.3,3289.0241
2018-02-26,5344.26,7289.58,12527.04,31498.6,6989.097,10582.6,2779.6,3329.5737
2018-02-27,5343.93,7282.45,12490.73,31268.66,6900.35,10554.3,2744.28,3292.0679
2018-02-28,5320.49,7231.91,12435.85,30844.72,6854.417,10492.85,2713.83,3259.408
2018-03-01,5262.56,7175.64,12190.94,31044.25,6750.542,10458.35,2677.67,3273.7549
2018-03-02,5136.58,7069.9,11913.71,30583.45,6811.04,,2691.25,3254.5283
2018-03-05,5167.23,7115.98,12090.87,29886.39,6881.283,10358.85,2720.94,3256.9263
2018-03-06,5170.23,7146.75,12113.87,30510.73,6913.022,10249.25,2728.12,3289.6419
2018-03-07,5187.83,7157.84,12245.36,30196.92,6929.385,10154.2,2726.8,3271.6683
2018-03-08,5254.1,7203.24,12355.57,30654.52,6966.428,10242.65,2738.97,3288.4055
2018-03-09,5274.4,7224.51,12346.68,30996.21,7101.18,10226.85,2786.57,3307.1656
2018-03-12,5276.71,7214.76,12418.39,31594.33,7131.121,10421.4,2783.02,3326.6992
2018-03-13,5242.79,7138.78,12221.03,31601.45,7046.511,10426.85,2765.31,3310.2389
2018-03-14,5233.36,7132.69,12237.74,31435.01,7040.981,10410.9,2749.48,3291.3819
2018-03-15,5267.26,7139.76,12345.56,31541.1,7030.97,10360.15,2747.33,3291.112
2018-03-16,5282.75,7164.14,12389.58,31501.97,7019.949,10195.15,2752.01,3269.8821
2018-03-19,5222.84,7042.93,12217.02,31513.76,6864.882,10094.25,2712.92,3279.2517
2018-03-20,5252.43,7061.27,12307.33,31549.93,6885.92,10124.35,2716.94,3290.6399
2018-03-21,5239.74,7038.97,12309.15,31414.52,6853.452,10155.25,2711.93,3280.9521
2018-03-22,5167.21,6952.59,12100.08,31071.05,6682.255,10114.75,2643.69,3263.4803
2018-03-23,5095.22,6921.94,11886.31,30309.29,6508.089,9998.05,2588.26,3152.7608
2018-03-26,5066.28,6888.69,11787.26,30548.77,6753.832,10130.65,2658.55,3133.7218
2018-03-27,5115.74,7000.14,11970.83,30790.83,6529.841,10184.15,2612.62,3166.6488
2018-03-28,5130.44,7044.74,11940.71,30022.53,6460.81,10113.7,2605.0,3122.2895
2018-03-29,5167.3,7056.61,12096.73,30093.38,6581.126,,2640.87,3160.5306
2018-04-03,5152.12,7030.46,12002.45,30180.1,6458.831,10245.0,2614.45,3136.6332
2018-04-04,5141.8,7034.01,11957.9,29518.69,6560.06,10128.4,2644.69,3131.1114
2018-04-05,5276.67,7199.5,12305.19,,6594.838,10325.15,2662.84,
2018-04-06,5258.24,7183.64,12241.27,29844.94,6433.213,10331.6,2604.47,
2018-04-09,5263.39,7194.75,12261.75,30229.58,6472.344,10379.35,2613.16,3138.2936
2018-04-10,5307.56,7266.75,12397.32,30728.74,6615.872,10402.25,2656.87,3190.3216
2018-04-11,5277.94,7257.14,12293.97,30897.71,6583.444,10417.15,2642.19,3208.0818
2018-04-12,5309.22,7258.34,12415.01,30831.28,6656.255,10458.65,2663.99,3180.1583
2018-04-13,5315.02,7264.56,12442.4,30808.38,6628.342,10480.6,2656.3,3159.0521
2018-04-16,5312.96,7198.2,12391.41,30315.59,6675.179,10528.35,2677.84,3110.6489
2018-04-17,5353.54,7226.05,12585.57,30062.75,6816.369,10548.7,2706.39,3066.7967
2018-04-18,5380.17,7317.34,12590.83,30284.25,6833.213,10526.2,2708.64,3091.3987
2018-04-19,5391.64,7328.92,12567.42,30708.44,6774.887,10565.3,2693.13,3117.376
2018-04-20,5412.83,7368.17,12540.5,30418.33,6667.751,10564.05,2670.14,3071.5425
2018-04-23,5438.55,7398.87,12572.39,30254.4,6648.803,10584.7,2670.29,3068.012
2018-04-24,5444.16,7425.4,12550.82,30636.24,6509.049,10614.35,2634.56,3128.9271
2018-04-25,5413.3,7379.32,12422.3,30328.15,6513.941,10570.55,2639.4,3117.9739
2018-04-26,5453.58,7421.43,12500.47,30007.68,6649.654,10617.8,2666.94,3075.0301
2018-04-27,5483.19,7502.21,12580.87,30280.67,6656.353,10692.3,2669.91,3082.2316
2018-04-30,5520.5,7509.3,12612.11,30808.45,6605.57,10739.35,2648.05,
2018-05-02,5529.22,7543.2,12802.25,30723.88,6644.478,10718.05,2635.67,3081.1773
2018-05-03,5501.66,7502.69,12690.15,30313.37,6643.479,10679.65,2629.73,3100.8586
2018-05-04,5516.05,7567.14,12819.6,29926.5,6769.116,10618.25,2663.42,3091.0334
2018-05-07,5531.42,,12948.14,29994.26,6821.874,10715.5,2672.63,3136.6448
2018-05-08,5521.93,7565.75,12912.21,30402.81,6815.483,10717.8,2671.92,3161.4976
2018-05-09,5534.63,7662.52,12943.06,30536.14,6893.214,10741.7,2697.79,3159.1502
2018-05-10,5545.95,7700.97,13022.87,30809.22,6963.548,10716.55,2723.07,3174.4127
2018-05-11,5541.94,7724.55,13001.24,31122.06,6952.563,10806.5,2727.72,3163.2632
2018-05-14,5540.68,7710.98,12977.71,31541.08,6964.373,10806.6,2730.13,3174.032
2018-05-15,5553.16,7722.98,12970.04,31152.03,6888.536,10801.85,2711.45,3192.1183
2018-05-16,5567.54,7734.2,12996.33,31110.2,6929.965,10741.1,2722.46,3169.5652
2018-05-17,5621.92,7787.97,13114.61,30942.15,6901.633,10682.7,2720.13,3154.2825
2018-05-18,5614.51,7778.79,13077.72,31047.91,6866.254,10596.4,2712.97,3193.3034
2018-05-21,5637.51,7859.17,,31234.35,6905.532,10516.7,2733.01,3213.8404
2018-05-22,5640.1,7877.45,13169.92,,6893.62,10536.7,2724.44,3214.3497
2018-05-23,5565.85,7788.44,12976.84,30665.64,6953.631,10430.35,2733.29,3168.9642
2018-05-24,5548.45,7716.74,12855.09,30760.41,6949.699,10513.85,2727.76,3154.6506
2018-05-25,5542.55,7730.28,12938.01,30588.04,6960.919,10605.15,2721.33,3141.3032
2018-05-28,5508.93,,12863.46,30792.26,,10688.65,,3135.0821
2018-05-29,5438.06,7632.64,12666.51,30484.58,6926.544,10633.3,2689.86,3120.4605
2018-05-30,5427.35,7689.57,12783.76,30056.79,6976.367,10614.35,2724.01,3041.4434
2018-05-31,5398.4,7678.2,12604.89,30468.56,6967.729,10736.15,2705.27,3095.4737
2018-06-01,5465.53,7701.77,12724.27,30492.91,7083.925,10696.2,2734.62,3075.1372
2018-06-04,5472.91,7741.29,12770.75,30997.98,7143.57,10628.5,2746.87,3091.1909
2018-06-05,5460.95,7686.8,12787.13,31093.45,7166.752,10593.15,2748.8,3114.2055
2018-06-06,5457.56,7712.37,12830.07,31259.1,7210.082,10684.65,2772.35,3115.1803
2018-06-07,5448.36,7704.4,12811.05,31512.63,7152.83,10768.35,2770.37,3109.4988
2018-06-08,5450.22,7681.07,12766.55,30958.21,7152.621,10767.65,2779.03,3067.1478
2018-06-11,5473.91,7737.43,12842.91,31063.7,7168.479,10786.95,2782.0,3052.7831
2018-06-12,5453.37,7703.81,12842.3,31103.06,7209.183,10842.85,2786.85,3079.8018
2018-06-13,5452.73,7703.71,12890.58,30725.15,7205.256,10856.7,2775.63,3049.7965
2018-06-14,5528.46,7765.79,13107.1,30440.17,7279.592,10808.05,2782.49,3044.1597
2018-06-15,5501.88,7633.91,13010.55,30309.49,7255.756,10817.7,2779.66,3021.9008
2018-06-18,5450.48,7631.33,12834.11,,7251.408,10799.85,2773.75,
2018-06-19,5390.63,7603.85,12677.97,29468.15,7228.043,10710.45,2762.59,2907.8221
2018-06-20,5372.31,7627.4,12695.16,29696.17,7280.705,10772.05,2767.32,2915.7314
2018-06-21,5316.01,7556.44,12511.91,29296.05,7217.488,10741.1,2749.76,2875.8099
2018-06-22,5387.38,7682.27,12579.72,29338.7,7197.512,10821.85,2754.88,2889.7603
2018-06-25,5283.86,7509.84,12270.33,28961.39,7038.171,10762.45,2717.07,2859.3364
2018-06-26,5281.29,7537.92,12234.34,28881.4,7068.195,10769.15,2723.06,2844.5081
2018-06-27,5327.2,7621.69,12348.61,28356.26,6969.674,10671.4,2699.63,2813.1775
2018-06-28,5275.64,7615.63,12177.23,28497.32,7031.604,10589.1,2716.31,2786.8966
2018-06-29,5323.53,7636.93,12306.0,28955.11,7040.802,10714.3,2718.37,2847.4181
2018-07-02,5276.76,7547.85,12238.17,,7097.819,10657.3,2726.71,2775.557
2018-07-03,5316.77,7593.29,12349.14,28545.57,7014.554,10699.9,2713.22,2786.8878
2018-07-04,5320.5,7573.09,12317.61,28241.67,,10769.9,,2759.126
2018-07-05,5366.32,7603.22,12464.29,28182.09,7101.047,10749.75,2736.61,2733.8819
2018-07-06,5375.77,7617.7,12496.17,28315.62,7207.334,10772.65,2759.82,2747.2285
2018-07-09,5398.11,7687.99,12543.89,28688.5,7276.001,10852.9,2784.17,2815.1095
2018-07-10,5434.36,7692.04,12609.85,28682.25,7282.599,10947.25,2793.84,2827.6252
2018-07-11,5353.93,7591.96,12417.13,28311.69,7243.98,10948.3,2774.02,2777.7711
2018-07-12,5405.9,7651.33,12492.97,28480.83,7366.25,11023.2,2798.29,2837.6586
2018-07-13,5429.2,7661.87,12540.73,28525.44,7375.817,11018.9,2801.31,2831.1837
2018-07-16,5409.43,7600.45,12561.02,28539.66,7357.899,10936.85,2798.43,2814.0418
2018-07-17,5422.54,7626.33,12661.54,28181.68,7403.891,11008.05,2809.55,2798.1259
2018-07-18,5447.44,7676.28,12765.94,28117.42,7390.126,10980.45,2815.62,2787.257
2018-07-19,5417.07,7683.97,12686.29,28010.86,7352.357,10957.1,2804.49,2772.5454
2018-07-20,5398.32,7678.79,12561.42,28224.48,7350.227,11010.2,2801.83,2829.2712
2018-07-23,5378.25,7655.79,12548.57,28256.12,7371.78,11084.75,2806.98,2859.5424
2018-07-24,5434.19,7709.05,12689.39,28662.57,7406.248,11134.3,2820.4,2905.5618
2018-07-25,5426.41,7658.26,12579.33,28920.9,7508.586,11132.0,2846.07,2903.6467
2018-07-26,5480.55,7663.17,12809.23,28781.14,7400.748,11167.3,2837.44,2882.2254
2018-07-27,5511.76,7701.31,12860.4,28804.28,7296.781,11278.35,2818.82,2873.5938
2018-07-30,5491.22,7700.85,12798.2,28733.13,7193.103,11319.55,2802.6,2869.0495
2018-07-31,5511.3,7748.76,12805.5,28583.01,7231.983,11356.5,2816.29,2876.4009
2018-08-01,5498.37,7652.91,12737.05,28340.74,7272.887,11346.2,2813.36,2824.5337
2018-08-02,5460.98,7575.93,12546.33,27714.56,7372.148,11244.7,2827.22,2768.0239
2018-08-03,5478.98,7659.1,12615.76,27676.32,7395.489,11360.8,2840.35,2740.4429
2018-08-06,5477.18,7663.78,12598.21,27819.56,7438.995,11387.1,2850.4,2705.1565
2018-08-07,5521.31,7718.48,12648.19,28248.88,7462.653,11389.45,2858.45,2779.374
2018-08-08,5501.9,7776.65,12633.54,28359.14,7469.545,11450.0,2857.7,2744.0696
2018-08-09,5502.25,7741.77,12676.11,28607.3,7466.962,11470.7,2853.58,2794.3818
2018-08-10,5414.68,7667.01,12424.35,28366.62,7408.304,11429.5,2833.28,2795.3099
2018-08-13,5412.32,7642.45,12358.74,27936.57,7401.169,11355.75,2821.93,2785.872
2018-08-14,5403.41,7611.64,12358.87,27752.93,7447.168,11435.1,2839.96,2780.9646
2018-08-15,5305.22,7497.87,12163.01,27323.59,7354.661,,2818.37,2723.2576
2018-08-16,5349.02,7556.38,12237.17,27100.06,7374.295,11385.05,2840.69,2705.1917
2018-08-17,5344.93,7558.59,12210.55,27213.41,7377.544,11470.75,2850.13,2668.966
2018-08-20,5379.65,7591.26,12331.3,27598.02,7371.418,11551.75,2857.05,2698.4658
2018-08-21,5408.6,7565.7,12384.49,27752.79,7397.226,11570.9,2862.96,2733.8264
2018-08-22,5420.61,7574.24,12385.7,27927.58,7424.596,,2861.82,2714.6082
2018-08-23,5419.33,7563.22,12365.58,27790.46,7413.838,11582.75,2856.98,2724.6244
2018-08-24,5432.5,7577.49,12394.52,27671.87,7485.404,11557.1,2874.69,2729.4308
2018-08-27,5479.1,,12538.31,28271.27,7559.133,11691.95,2896.74,2780.899
2018-08-28,5484.99,7617.22,12527.42,28351.62,7570.246,11738.5,2897.52,2777.9808
2018-08-29,5501.33,7563.21,12561.68,28416.44,7660.18,11691.9,2914.04,2769.2947
2018-08-30,5478.06,7516.03,12494.24,28164.05,7642.67,11676.8,2901.13,2737.7367
2018-08-31,5406.85,7432.42,12364.06,27888.55,7654.554,11680.5,2901.52,2725.2499
2018-09-03,5413.8,7504.6,12346.41,27712.54,,11582.35,,2720.7344
2018-09-04,5342.7,7457.86,12210.21,27973.34,7622.322,11520.3,2896.72,2750.5804
2018-09-05,5260.22,7383.28,12040.46,27243.85,7523.26,11476.95,2888.6,2704.3368
2018-09-06,5243.84,7318.96,11955.25,26974.82,7453.167,11536.9,2878.05,2691.5929
2018-09-07,5252.22,7277.7,11959.63,26973.47,7430.261,11589.1,2871.68,2702.3007
2018-09-10,5269.63,7279.3,11986.34,26613.42,7447.676,11438.1,2877.13,2669.4845
2018-09-11,5283.79,7273.54,11970.27,26422.55,7507.872,11287.5,2887.89,2664.7997
2018-09-12,5332.13,7313.36,12032.3,26345.04,7488.065,11369.9,2888.92,2656.1101
2018-09-13,5328.12,7281.57,12055.55,27014.49,7561.687,,2904.18,2686.5784
2018-09-14,5352.57,7304.04,12124.33,27286.41,7545.496,11515.2,2904.98,2681.6431
2018-09-17,5348.87,7302.1,12096.41,26932.85,7434.729,11377.75,2888.8,2651.7886
2018-09-18,5363.79,7300.23,12157.67,27084.66,7494.399,11278.9,2904.31,2699.9501
2018-09-19,5393.74,7331.12,12219.02,27407.37,7490.323,11234.35,2907.95,2730.8503
2018-09-20,5451.59,7367.32,12326.48,27477.67,7569.035,,2930.75,2729.2438
2018-09-21,5494.17,7490.23,12430.88,27953.58,7531.072,11143.1,2929.67,2797.4848
2018-09-24,5476.17,7458.41,12350.82,27499.39,7548.751,10967.4,2919.37,
2018-09-25,5479.1,7507.56,12374.66,,7563.194,11067.45,2915.56,2781.1385
2018-09-26,5512.73,7511.49,12385.89,27816.87,7563.086,11053.8,2905.97,2806.8133
2018-09-27,5540.41,7545.44,12435.59,27715.67,7629.572,10977.55,2914.0,2791.7748
2018-09-28,5493.49,7510.2,12246.73,27788.52,7627.65,10930.45,2913.98,2821.3501
2018-10-01,5506.82,7495.67,12339.03,,7645.453,11008.3,2924.59,
2018-10-02,5467.89,7474.55,12287.58,27126.38,7628.278,,2923.43,
2018-10-03,5491.4,7510.28,,27091.26,7637.426,10858.25,2925.51,
2018-10-04,5410.85,7418.34,12244.14,26623.87,7490.004,10599.25,2901.61,
2018-10-05,5359.36,7318.54,12111.9,26572.57,7399.007,10316.45,2885.57,
2018-10-08,5300.25,7233.33,11947.16,26202.57,7352.823,10348.05,2884.43,2716.5104
2018-10-09,5318.55,7237.59,11977.22,26172.91,7371.615,10301.05,2880.34,2721.013
2018-10-10,5206.22,7145.74,11712.5,26193.07,7044.496,10460.1,2785.68,2725.8367
2018-10-11,5106.37,7006.93,11539.35,25266.37,6964.026,10234.65,2728.37,2583.4575
2018-10-12,5095.98,6995.91,11523.81,25801.49,7157.209,10472.5,2767.13,2606.9125
2018-10-15,5095.07,7029.22,11614.16,25445.06,7068.671,10512.5,2750.79,2568.0984
2018-10-16,5173.05,7059.4,11776.55,25462.26,7276.426,10584.75,2809.92,2546.3296
2018-10-17,5144.95,7054.6,11715.03,,7278.631,10453.05,2809.21,2561.614
2018-10-18,5116.79,7026.99,11589.21,25454.55,7116.088,,2768.78,2486.4186
2018-10-19,5084.66,7049.8,11553.83,25561.4,7107.233,10303.55,2767.78,2550.4652
2018-10-22,5053.31,7042.8,11524.34,26153.15,7141.213,10245.25,2755.88,2654.8762
2018-10-23,4967.69,6955.21,11274.28,25346.55,7118.674,10146.8,2740.69,2594.8255
2018-10-24,4953.09,6962.98,11191.63,25249.78,6789.154,10224.75,2656.1,2603.2951
2018-10-25,5032.3,7004.1,11307.12,24994.46,7016.389,10124.9,2705.57,2603.7995
2018-10-26,4967.37,6939.56,11200.62,24717.63,6852.404,10030.0,2658.69,2598.8468
2018-10-29,4989.35,7026.32,11335.48,24812.04,6713.902,10250.85,2641.25,2542.1033
2018-10-30,4978.53,7035.85,11287.39,24585.53,6810.121,10198.4,2682.63,2568.0481
2018-10-31,5093.44,7128.1,11447.51,24979.69,6967.096,10386.6,2711.74,2602.7832
2018-11-01,5085.78,7114.66,11468.54,25416.0,7069.171,10380.45,2740.37,2606.2372
2018-11-02,5102.13,7094.12,11518.99,26486.35,6965.294,10553.0,2723.06,2676.4762
2018-11-05,5101.39,7103.84,11494.96,25934.39,6937.089,10524.0,2738.31,2665.4306
2018-11-06,5075.19,7040.68,11484.34,26120.96,6988.848,10530.0,2755.45,2659.3564
2018-11-07,5137.94,7117.28,11579.1,26147.69,7203.133,10598.85,2813.89,2641.342
2018-11-08,5131.45,7140.68,11527.32,26227.72,7158.591,,2806.83,2635.6322
2018-11-09,5106.75,7105.34,11529.16,25601.92,7039.149,10585.2,2781.01,2598.8715
2018-11-12,5059.09,7053.08,11325.44,25633.18,6829.098,10482.2,2726.22,2630.5195
2018-11-13,5101.85,7053.76,11472.22,25792.87,6830.906,10582.5,2722.18,2654.8795
2018-11-14,5068.85,7033.79,11412.53,25654.43,6769.873,10576.3,2701.58,2632.2425
2018-11-15,5033.62,7038.01,11353.67,26103.34,6890.447,10616.7,2730.2,2668.1704
2018-11-16,5025.2,7013.88,11341.0,26183.53,6867.015,10682.2,2736.27,2679.1097
2018-11-19,4985.45,7000.89,11244.54,26372.0,6642.917,10763.4,2690.73,2703.5116
2018-11-20,4924.89,6947.92,11066.41,25840.34,6526.963,10656.2,2641.89,2645.8545
2018-11-21,4975.5,7050.23,11244.17,25971.47,6575.663,10600.05,2649.93,2651.5053
2018-11-22,4938.14,6960.32,11138.49,26019.41,,10526.75,,2645.4339
2018-11-23,4946.95,6952.86,11192.69,25927.68,6527.347,,2632.56,2579.4831
2018-11-26,4994.98,7036.0,11354.72,26376.18,6678.339,10628.6,2673.45,2575.8101
2018-11-27,4983.15,7016.85,11309.11,26331.96,6701.036,10685.6,2682.17,2574.6792
2018-11-28,4983.24,7004.52,11298.88,26682.56,6913.326,10728.85,2743.79,2601.7365
2018-11-29,5006.25,7038.95,11298.23,26451.03,6892.4,10858.7,2737.76,2567.4434
2018-11-30,5003.92,6980.24,11257.24,26506.75,6949.014,10876.75,2760.17,2588.1875
2018-12-03,5053.98,7062.41,11465.46,27182.04,7062.133,10883.75,2790.37,2654.798
2018-12-04,5012.66,7022.76,11335.32,27260.44,6795.213,10869.5,2700.06,2665.9577
2018-12-05,4944.37,6921.84,11200.24,26819.68,,10782.9,,2649.8051
2018-12-06,4780.46,6704.05,10810.98,26156.38,6838.85,10601.15,2695.95,2605.1813
2018-12-07,4813.13,6778.11,10788.09,26063.76,6613.275,10693.7,2633.08,2605.8876
2018-12-10,4742.38,6721.54,10622.07,25752.38,6682.742,10488.45,2637.72,2584.5822
2018-12-11,4806.2,6806.94,10780.51,25771.67,6704.237,10549.15,2636.78,2594.0881
2018-12-12,4909.45,6880.19,10929.43,26186.71,6763.957,10737.6,2651.07,2602.1526
2018-12-13,4896.92,6877.5,10924.7,26524.35,6767.974,10791.55,2650.54,2634.0491
2018-12-14,4853.7,6845.17,10865.77,26094.79,6594.963,10805.45,2599.95,2593.7407
2018-12-17,4799.87,6773.24,10772.2,26087.98,6448.386,10888.35,2545.94,2597.9737
2018-12-18,4754.08,6701.59,10740.89,25814.25,6491.516,10908.7,2546.16,2576.6495
2018-12-19,4777.45,6765.94,10766.21,25865.39,6342.968,10967.3,2506.96,2549.5634
2018-12-20,4692.46,6711.93,10611.1,25623.53,6243.195,10951.7,2467.42,2536.2675
2018-12-21,4694.38,6721.17,10633.82,25753.42,6046.557,10754.0,2416.62,2516.2506
2018-12-24,4626.39,6685.99,,25651.38,5899.355,10663.5,2351.1,2527.0071
2018-12-27,4598.61,6584.68,10381.51,25478.88,6288.302,10779.8,2488.83,2483.0864
2018-12-28,4678.74,6733.97,10558.96,25504.2,6285.266,10859.9,2485.74,2493.8962
2018-12-31,4730.69,6728.13,,25845.7,6329.965,10862.55,2506.85,
2019-01-02,4689.39,6734.23,10580.19,25130.35,6360.869,10792.5,2510.03,2465.291
2019-01-03,4611.49,6692.66,10416.66,25064.36,6147.128,10672.25,2447.89,2464.3628
2019-01-04,4737.12,6837.42,10767.69,25626.03,6422.674,10727.35,2531.94,2514.8682
2019-01-07,4719.17,6810.88,10747.81,25835.7,6488.254,10771.8,2549.69,2533.0887
2019-01-08,4773.27,6861.6,10803.98,25875.45,6551.847,10802.15,2574.41,2526.4622
2019-01-09,4813.58,6906.63,10893.32,26462.32,6600.694,10855.15,2584.96,2544.3449
2019-01-10,4805.66,6942.87,10921.59,26521.43,6620.942,10821.6,2596.64,2535.0985
2019-01-11,4781.34,6918.18,10887.46,26667.27,6601.395,10794.95,2596.26,2553.8313
2019-01-14,4762.75,6855.02,10855.91,26298.33,6541.038,10737.6,2582.61,2535.7653
2019-01-15,4786.17,6895.02,10891.79,26830.29,6669.638,10886.8,2610.3,2570.3449
2019-01-16,4810.74,6862.68,10931.24,26902.1,6668.562,10890.3,2616.1,2570.4221
2019-01-17,4794.37,6834.92,10918.62,26755.63,6718.453,10905.2,2635.96,2559.637
2019-01-18,4875.93,6968.33,11205.54,27090.81,6784.608,10906.95,2670.71,2596.0056
2019-01-21,4867.78,6970.59,11136.2,27196.54,,10961.85,,2610.5094
2019-01-22,4847.53,6901.39,11090.11,27005.45,6646.813,10922.75,2632.9,2579.7041
2019-01-23,4840.38,6842.88,11071.54,27008.2,6658.763,10831.5,2638.7,2581.0041
2019-01-24,4871.96,6818.95,11130.18,27120.98,6702.547,10849.8,2642.33,2591.6935
2019-01-25,4925.82,6809.22,11281.79,27569.19,6787.371,10780.55,2664.76,2601.7234
2019-01-28,4888.58,6747.1,11210.31,27576.96,6697.087,10661.55,2643.85,2596.9767
2019-01-29,4928.18,6833.93,11218.83,27531.68,6632.792,10652.2,2640.0,2594.2536
2019-01-30,4974.76,6941.63,11181.66,27642.85,6807.909,10651.8,2681.05,2575.5756
2019-01-31,4992.72,6968.85,11173.1,27942.47,6906.839,10830.95,2704.1,2584.5724
2019-02-01,5019.26,7020.22,11180.66,27930.74,6875.518,10893.65,2706.53,2618.2323
2019-02-04,5000.19,7034.13,11176.58,27990.21,6959.957,10912.25,2724.87,
2019-02-05,5083.34,7177.37,11367.98,,7023.521,10934.35,2737.7,
2019-02-06,5079.05,7173.09,11324.72,,6997.622,11062.45,2731.61,
2019-02-07,4985.56,7093.58,11022.02,,6904.981,11069.4,2706.05,
2019-02-08,4961.64,7071.18,10906.78,27946.32,6913.13,10943.6,2707.88,
2019-02-11,5014.47,7129.11,11014.59,28143.84,6909.185,10888.8,2709.8,2653.896
2019-02-12,5056.35,7133.14,11126.08,28171.33,7014.669,10831.4,2744.73,2671.8937
2019-02-13,5074.27,7190.84,11167.22,28497.59,7015.876,10793.65,2753.03,2721.0683
2019-02-14,5062.52,7197.01,11089.79,28432.05,7022.419,10746.05,2745.73,2719.6999
2019-02-15,5153.19,7236.68,11299.8,27900.84,7055.179,10724.4,2775.6,2682.385
2019-02-18,5168.54,7219.47,11299.2,28347.01,,10640.95,,2754.3566
2019-02-19,5160.52,7179.17,11309.21,28228.13,7066.612,10604.35,2779.76,2755.6459
2019-02-20,5195.95,7228.62,11401.97,28514.05,7062.339,10735.45,2784.7,2761.2189
2019-02-21,5196.11,7167.39,11423.28,28629.92,7035.164,10789.85,2774.88,2751.8012
2019-02-22,5215.85,7178.6,11457.7,28816.3,7090.625,10791.65,2792.67,2804.2262
2019-02-25,5231.85,7183.74,11505.39,28959.3,7115.426,10880.1,2796.11,2961.2834
2019-02-26,5238.72,7151.12,11540.79,28772.06,7123.216,10835.3,2793.9,2941.5163
2019-02-27,5225.35,7107.2,11487.33,28757.44,7117.005,10806.65,2792.38,2953.8242
2019-02-28,5240.53,7074.73,11515.64,28633.18,7097.525,10792.5,2784.49,2940.9538
2019-03-01,5265.19,7106.73,11601.68,28812.17,7151.572,10863.5,2803.69,2994.005
2019-03-04,5286.57,7134.39,11592.66,28959.59,7150.833,,2792.81,3027.5755
2019-03-05,5297.52,7183.43,11620.74,28961.6,7156.785,10987.45,2789.65,3054.2466
2019-03-06,5288.81,7196.0,11587.63,29037.6,7112.468,11053.0,2771.45,3102.0991
2019-03-07,5267.92,7157.55,11517.8,28779.45,7026.883,11058.2,2748.93,3106.4179
2019-03-08,5231.22,7104.31,11457.84,28228.42,7015.69,11035.4,2743.07,2969.8614
2019-03-11,5265.96,7130.62,11543.48,28503.3,7164.02,11168.05,2783.3,3026.9925
2019-03-12,5270.25,7151.15,11524.17,28920.87,7201.281,11301.2,2791.52,3060.3073
2019-03-13,5306.38,7159.19,11572.41,28807.45,7256.982,11341.7,2810.92,3026.9513
2019-03-14,5349.78,7185.43,11587.47,28851.39,7243.014,11343.25,2808.48,2990.685
2019-03-15,5405.32,7228.28,11685.69,29012.26,7306.987,11426.85,2822.48,3021.7512
2019-03-18,5412.83,7299.19,11657.06,29409.01,7326.281,11462.2,2832.94,3096.4176
2019-03-19,5425.9,7324.0,11788.41,29466.28,7349.278,11532.4,2832.57,3090.975
2019-03-20,5382.66,7291.01,11603.89,29320.97,7380.754,11521.05,2824.23,3090.6403
2019-03-21,5378.85,7355.31,11549.96,29071.56,7493.269,,2854.88,3101.455
2019-03-22,5269.92,7207.59,11364.17,29113.36,7326.057,11456.9,2800.71,3104.1487
2019-03-25,5260.64,7177.58,11346.65,28523.35,7316.958,11354.25,2798.36,3043.0313
2019-03-26,5307.38,7196.29,11419.48,28566.91,7351.15,11483.25,2818.46,2997.0954
2019-03-27,5301.24,7194.19,11419.04,28728.25,7308.193,11445.05,2805.37,3022.7196
2019-03-28,5296.54,7234.33,11428.16,28775.21,7320.472,11570.0,2815.44,2994.9434
2019-03-29,5350.53,7279.19,11526.04,29051.36,7378.771,11623.9,2834.4,3090.758
2019-04-01,5405.53,7317.38,11681.99,29562.02,7478.416,11669.15,2867.19,3170.361
2019-04-02,5423.47,7391.12,11754.79,29624.67,7499.639,11713.2,2867.24,3176.8227
2019-04-03,5468.91,7418.28,11954.4,29986.39,7544.972,11643.95,2873.4,3216.2952
2019-04-04,5463.8,7401.94,11988.01,29936.32,7540.568,11598.0,2879.39,3246.5714
2019-04-05,5476.2,7446.87,12009.75,,7578.84,11665.95,2892.74,
2019-04-08,5471.78,7451.89,11963.4,30077.15,7599.742,11604.5,2895.77,3244.8103
2019-04-09,5436.42,7425.57,11850.57,30157.49,7568.486,11671.95,2878.2,3239.6639
2019-04-10,5449.88,7421.91,11905.91,30119.56,7611.488,11584.3,2888.21,3241.9299
2019-04-11,5485.72,7417.95,11935.2,29839.45,7594.89,11596.7,2888.32,3189.9619
2019-04-12,5502.7,7437.06,11999.93,29909.76,7628.15,11643.45,2907.41,3188.6256
2019-04-15,5508.73,7436.87,12020.28,29810.72,7629.12,11690.35,2905.58,3177.7866
2019-04-16,5528.67,7469.92,12101.32,30129.87,7654.731,11787.15,2907.06,3253.5978
2019-04-17,5563.09,7471.32,12153.07,30124.68,7680.718,,2900.45,3263.1179
2019-04-18,5580.38,7459.88,12222.39,29963.26,7689.715,11752.8,2905.03,3250.2012
2019-04-23,5591.69,7523.07,12235.51,29963.24,7810.706,11575.95,2933.68,3198.5938
2019-04-24,5576.06,7471.75,12313.16,29805.83,7784.413,11726.15,2927.25,3201.6137
2019-04-25,5557.67,7434.13,12282.6,29549.8,7816.919,11641.8,2926.17,3123.8261
2019-04-26,5569.36,7428.19,12315.18,29605.01,7826.679,11754.65,2939.88,3086.3989
2019-04-29,5580.98,7440.66,12328.02,29892.81,7839.038,,2943.03,3062.4985
2019-04-30,5586.41,7418.22,12344.08,29699.11,7781.456,11748.15,2945.83,3078.3389
2019-05-02,5538.86,7351.31,12345.42,29944.18,7724.056,11724.75,2917.52,
2019-05-03,5548.84,7380.64,12412.75,30081.55,7845.729,11712.25,2945.64,
2019-05-06,5483.52,,12286.88,29209.82,7794.093,11598.25,2932.47,2906.464
2019-05-07,5395.75,7260.47,12092.74,29363.02,7640.149,11497.9,2884.05,2926.3908
2019-05-08,5417.59,7271.0,12179.93,29003.2,7617.55,11359.45,2879.42,2893.7567
2019-05-09,5313.16,7207.41,11973.92,28311.07,7582.746,11301.8,2870.72,2850.9537
2019-05-10,5327.44,7203.29,12059.83,28550.24,7586.531,11278.9,2881.4,2939.2106
2019-05-13,5262.57,7163.68,11876.65,,7324.132,11148.2,2811.87,2903.7131
2019-05-14,5341.35,7241.6,11991.62,28122.02,7401.884,11222.05,2834.41,2883.6107
2019-05-15,5374.26,7296.95,12099.57,28268.71,7503.246,11157.0,2850.96,2938.6781
2019-05-16,5448.11,7353.51,12310.37,28275.07,7580.142,11257.1,2876.32,2955.711
2019-05-17,5438.23,7348.62,12238.94,27946.46,7503.68,11407.15,2859.53,2882.2962
2019-05-20,5358.59,7310.88,12041.29,27787.61,7376.703,11828.25,2840.23,2870.6046
2019-05-21,5385.46,7328.92,12143.47,27657.24,7451.02,11709.1,2864.36,2905.9688
2019-05-22,5378.98,7334.19,12168.74,27705.94,7420.656,11737.9,2856.27,2891.7046
2019-05-23,5281.37,7231.04,11952.41,27267.13,7307.933,11657.05,2822.24,2852.5153
2019-05-24,5316.51,7277.73,12011.04,27353.93,7300.961,11844.1,2826.06,2852.9948
2019-05-27,5336.19,,12071.18,27288.09,,11924.75,,2892.3782
2019-05-28,5312.69,7268.95,12027.05,27390.81,7278.376,11928.75,2802.39,2909.9106
2019-05-29,5222.12,7185.3,11837.81,27235.71,7216.859,11861.1,2783.02,2914.6964
2019-05-30,5248.91,7218.16,11902.08,27114.88,7245.403,11945.9,2788.86,2905.8054
2019-05-31,5207.63,7161.71,11726.84,26901.09,7127.956,11922.8,2752.06,2898.6961
2019-06-03,5241.46,7184.8,11792.81,26893.86,6978.017,12088.55,2744.45,2890.0809
2019-06-04,5268.26,7214.29,11971.17,26761.52,7166.747,12021.65,2803.27,2862.2803
2019-06-05,5292.0,7220.22,11980.81,26895.44,7220.903,,2826.15,2861.4181
2019-06-06,5278.43,7259.85,11953.14,26965.28,7275.927,11843.75,2843.49,2827.7978
2019-06-07,5364.05,7331.94,12045.38,,7417.291,11870.65,2873.34,
2019-06-10,5382.5,7375.54,,27578.64,7501.929,11922.7,2886.73,2852.1302
2019-06-11,5408.45,7398.45,12155.81,27789.34,7513.849,11965.6,2885.72,2925.7162
2019-06-12,5374.92,7367.62,12115.68,27308.46,7472.294,11906.2,2879.84,2909.3796
2019-06-13,5375.63,7368.57,12169.05,27294.71,7510.683,11914.05,2891.64,2910.7406
2019-06-14,5367.62,7345.78,12096.4,27118.35,7479.111,11823.3,2886.98,2881.9743
2019-06-17,5390.95,7357.31,12085.82,27227.16,7526.519,11672.15,2889.67,2887.6221
2019-06-18,5509.73,7443.04,12331.75,27498.77,7635.4,11691.5,2917.75,2890.158
2019-06-19,5518.45,7403.54,12308.53,28202.14,7667.738,11691.45,2926.46,2917.8029
2019-06-20,5535.57,7424.44,12355.39,28550.43,7738.055,11831.75,2954.18,2987.1186
2019-06-21,5528.33,7407.5,12339.92,28473.71,7728.782,11724.1,2950.46,3001.9802
2019-06-24,5521.71,7416.69,12274.57,28513.0,7723.021,11699.65,2945.35,3008.1479
2019-06-25,5514.57,7422.43,12228.44,28185.98,7591.536,11796.45,2917.38,2982.0738
2019-06-26,5500.72,7416.39,12245.32,28221.98,7627.051,11847.55,2913.78,2976.2837
2019-06-27,5493.61,7402.33,12271.03,28621.42,7657.048,11841.55,2924.92,2996.7926
2019-06-28,5538.97,7425.63,12398.8,28542.62,7671.075,11788.85,2941.76,2978.8784
2019-07-01,5567.91,7497.5,12521.38,,7768.138,11865.6,2964.33,3044.9028
2019-07-02,5576.82,7559.19,12526.72,28875.56,7799.824,11910.3,2973.01,3043.9428
2019-07-03,5618.81,7609.32,12616.24,28855.14,7857.69,11916.75,2995.82,3015.2633
2019-07-04,5620.73,7603.58,12629.9,28795.77,,11946.75,,3005.2488
2019-07-05,5593.72,7553.14,12568.53,28774.83,7841.301,11811.15,2990.41,3011.0588
2019-07-08,5589.19,7549.27,12543.51,28331.69,7785.787,11558.6,2975.95,2933.3634
2019-07-09,5572.1,7536.47,12436.55,28116.28,7826.858,11555.9,2979.63,2928.2295
2019-07-10,5567.59,7530.69,12373.41,28204.69,7903.401,11498.9,2993.07,2915.3022
2019-07-11,5551.95,7509.82,12332.12,28431.8,7896.776,11582.9,2999.91,2917.7609
2019-07-12,5572.86,7505.97,12323.32,28471.62,7943.241,11552.5,3013.77,2930.5462
2019-07-15,5578.21,7531.72,12387.34,28554.88,7966.926,11588.35,3014.3,2942.1853
2019-07-16,5614.38,7577.2,12430.97,28619.62,7927.077,11662.6,3004.04,2937.6168
2019-07-17,5571.71,7535.46,12341.03,28593.17,7888.762,11687.5,2984.42,2931.6926
2019-07-18,5550.55,7493.09,12227.85,28461.66,7904.132,11596.9,2995.11,2901.1766
2019-07-19,5552.34,7508.7,12260.07,28765.4,7834.897,11419.25,2976.61,2924.2006
2019-07-22,5567.02,7514.93,12289.4,28371.26,7905.119,11346.2,2985.03,2886.974
2019-07-23,5618.16,7556.86,12490.74,28466.48,7954.564,11331.05,3005.47,2899.9446
2019-07-24,5605.87,7501.46,12522.89,28524.04,8010.605,11271.3,3019.56,2923.2775
2019-07-25,5578.05,7489.05,12362.1,28594.3,7929.867,11252.15,3003.67,2937.3601
2019-07-26,5610.05,7549.06,12419.9,28397.74,8016.953,11284.3,3025.86,2944.541
2019-07-29,5601.1,7686.61,12417.47,28106.41,7989.082,11189.2,3020.97,2941.007
2019-07-30,5511.07,7646.77,12147.24,28146.5,7952.473,11085.4,3013.18,2952.3383
2019-07-31,5518.9,7586.78,12189.04,27777.75,7848.78,11118.0,2980.38,2932.5058
2019-08-01,5557.41,7584.87,12253.15,27565.7,7801.146,10980.0,2953.56,2908.766
2019-08-02,5359.0,7407.06,11872.44,26918.58,7692.801,10997.35,2932.05,2867.8376
2019-08-05,5241.55,7223.85,11658.51,26151.32,7415.691,10862.6,2844.74,2821.4957
2019-08-06,5234.65,7171.69,11567.96,25976.24,7521.322,10948.25,2881.77,2777.5559
2019-08-07,5266.51,7198.7,11650.15,25997.03,7551.9,10855.5,2883.98,2768.6795
2019-08-08,5387.96,7285.9,11845.41,26120.77,7724.83,11032.45,2938.09,2794.5523
2019-08-09,5327.92,7253.85,11693.8,25939.3,7646.268,11109.65,2918.65,2774.7532
2019-08-12,5310.31,7226.72,11679.68,25824.72,7561.682,,2883.75,2814.9944
2019-08-13,5363.07,7250.9,11750.13,25281.3,7728.151,10925.85,2926.32,2797.2596
2019-08-14,5251.3,7147.88,11492.66,25302.28,7490.13,11029.4,2840.6,2808.9146
2019-08-15,5236.93,7067.01,11412.67,25495.46,7484.888,,2847.6,2815.7976
2019-08-16,5300.79,7117.15,11562.74,25734.22,7604.109,11047.8,2888.68,2823.8238
2019-08-19,5371.56,7189.65,11715.37,26291.84,7719.323,11053.9,2923.65,2883.096
2019-08-20,5344.64,7125.0,11651.18,26231.54,7664.471,11017.0,2900.51,2880.0012
2019-08-21,5435.48,7203.97,11802.85,26270.04,7733.216,10918.7,2924.43,2880.3307
2019-08-22,5388.25,7128.18,11747.04,26048.72,7707.427,10741.35,2922.95,2883.4358
2019-08-23,5326.87,7094.98,11611.51,26179.33,7464.995,10829.35,2847.11,2897.4253
2019-08-26,5351.02,,11658.04,25680.33,7575.019,11057.85,2878.38,2863.5673
2019-08-27,5387.09,7089.58,11730.02,25664.07,7566.027,11105.35,2869.16,2902.1932
2019-08-28,5368.8,7114.71,11701.02,25615.48,7587.896,11046.1,2887.94,2893.7564
2019-08-29,5449.97,7184.32,11838.88,25703.5,7702.312,10948.3,2924.58,2890.9192
2019-08-30,5480.48,7207.18,11939.28,25724.73,7690.998,11023.25,2926.46,2886.2365
2019-09-02,5493.04,7281.94,11953.78,25626.55,,,,2924.1063
2019-09-03,5466.07,7268.19,11910.86,25527.85,7609.513,10797.9,2906.27,2930.1538
2019-09-04,5532.07,7311.26,12025.04,26523.23,7719.246,10844.65,2937.78,2957.4116
2019-09-05,5593.37,7271.17,12126.78,26515.53,7862.539,10847.9,2976.0,2985.8648
2019-09-06,5603.99,7282.34,12191.73,26690.76,7852.539,10946.2,2978.71,2999.6013
2019-09-09,5588.95,7235.81,12226.1,26681.4,7832.403,11003.05,2978.43,3024.7388
2019-09-10,5593.21,7267.95,12268.71,26683.68,7814.742,,2979.39,3021.2024
2019-09-11,5618.06,7338.03,12359.07,27159.06,7887.581,11035.7,3000.93,3008.8118
2019-09-12,5642.86,7344.67,12410.25,27087.63,7917.34,10982.8,3009.57,3031.2351
2019-09-13,5655.46,7367.46,12468.53,27352.69,7892.955,11075.9,3007.39,
2019-09-16,5602.23,7321.41,12380.31,27124.55,7852.412,11003.5,2997.96,3030.7544
2019-09-17,5615.51,7320.4,12372.61,26790.24,7888.786,10817.6,3005.7,2978.1178
2019-09-18,5620.65,7314.05,12389.62,26754.12,7888.556,10840.65,3006.73,2985.6586
2019-09-19,5659.08,7356.42,12457.7,26468.95,7901.792,10704.8,3006.79,2999.2789
2019-09-20,5690.78,7344.92,12468.01,26435.67,7823.553,11274.2,2992.07,3006.4467
2019-09-23,5630.76,7326.08,12342.33,26222.4,7818.61,11600.2,2991.78,2977.0767
2019-09-24,5628.33,7291.43,12307.15,26281.0,7710.044,11588.2,2966.6,2985.3406
2019-09-25,5583.8,7289.99,12234.18,25945.35,7803.541,11440.2,2984.87,2955.4325
2019-09-26,5620.57,7351.08,12288.54,26041.93,7771.992,11571.2,2977.62,2929.0875
2019-09-27,5640.58,7426.21,12380.94,25954.81,7681.579,11512.4,2961.79,2932.167
2019-09-30,5677.79,7408.21,12428.08,26092.27,7749.449,11474.45,2976.74,2905.1892
2019-10-01,5597.63,7360.32,12263.83,,7684.142,11359.9,2940.25,
2019-10-02,5422.77,7122.54,11925.25,26042.69,7550.786,,2887.61,
2019-10-03,5438.77,7077.64,,26110.31,7638.395,11314.0,2910.63,
2019-10-04,5488.32,7155.38,12012.81,25821.03,7754.102,11174.75,2952.01,
2019-10-07,5521.61,7197.88,12097.43,,7725.129,11126.4,2938.79,
2019-10-08,5456.62,7143.15,11970.2,25893.4,7604.27,,2893.06,2913.5704
2019-10-09,5499.14,7166.5,12094.26,25682.81,7690.529,11313.3,2919.4,2924.8566
2019-10-10,5569.05,7186.36,12164.2,25707.93,7740.362,11234.55,2938.13,2947.7106
2019-10-11,5665.48,7247.08,12511.65,26308.44,7843.875,11305.05,2970.27,2973.6558
2019-10-14,5643.08,7213.45,12486.56,26521.85,7842.334,11341.15,2966.15,3007.8834
2019-10-15,5702.05,7211.64,12629.79,26503.93,7942.851,11428.3,2995.68,2991.0459
2019-10-16,5696.9,7167.95,12670.11,26664.28,7920.209,11464.0,2989.69,2978.7124
2019-10-17,5673.07,7182.32,12654.95,26848.49,7942.144,11586.35,2997.95,2977.3342
2019-10-18,5636.25,7150.57,12633.6,26719.58,7868.491,11661.85,2986.2,2938.1413
2019-10-21,5648.35,7163.64,12747.96,26725.68,7940.331,,3006.72,2939.6179
2019-10-22,5657.69,7212.49,12754.69,26786.2,7874.616,11588.35,2995.99,2954.3799
2019-10-23,5653.44,7260.74,12798.19,26566.73,7889.473,11604.1,3004.52,2941.6188
2019-10-24,5684.33,7328.25,12872.1,26797.95,7966.719,11582.6,3010.29,2940.9215
2019-10-25,5722.15,7324.47,12894.51,26667.39,8029.217,11583.9,3022.55,2954.9327
2019-10-28,5730.57,7331.28,12941.71,26891.26,8110.669,,3039.42,2980.0498
2019-10-29,5740.14,7306.26,12939.62,26786.76,8047.509,11786.85,3036.89,2954.176
2019-10-30,5765.87,7330.78,12910.23,26667.71,8083.113,11844.1,3046.77,2939.3209
2019-10-31,5729.86,7248.38,12866.79,26906.72,8083.832,11877.45,3037.56,2929.0561
2019-11-01,5761.89,7302.42,12961.05,27100.76,8161.167,11890.6,3066.91,2958.1992
2019-11-04,5824.3,7369.69,13136.28,27547.3,8210.664,11941.3,3078.27,2975.4919
2019-11-05,5846.89,7388.08,13148.5,27683.4,8210.175,11917.2,3074.62,2991.5622
2019-11-06,5866.74,7396.65,13179.89,27688.64,8196.028,11966.05,3076.78,2978.5955
2019-11-07,5890.99,7406.41,13289.46,27847.23,8219.646,12012.05,3085.18,2978.7144
2019-11-08,5889.7,7359.38,13228.56,27651.14,8255.886,11908.15,3093.08,2964.1849
2019-11-11,5893.82,7328.54,13198.37,26926.55,8241.912,11913.45,3087.01,2909.9746
2019-11-12,5919.75,7365.44,13283.51,27065.28,8263.789,,3091.84,2914.8232
2019-11-13,5907.09,7351.21,13230.07,26571.46,8259.813,11840.45,3094.04,2905.2409
2019-11-14,5901.08,7292.76,13180.23,26323.69,8257.831,11872.1,3096.63,2909.8697
2019-11-15,5939.27,7302.94,13241.75,26326.66,8315.523,11895.45,3120.46,2891.3431
2019-11-18,5929.79,7307.7,13207.01,26681.09,8328.479,11884.5,3122.03,2909.2002
2019-11-19,5909.05,7323.8,13221.12,27093.8,8338.737,11940.1,3120.18,2933.9908
2019-11-20,5894.03,7262.49,13158.14,26889.61,8283.753,11999.1,3108.46,2911.0534
2019-11-21,5881.21,7238.55,13137.7,26466.88,8265.618,11968.4,3103.54,2903.6379
2019-11-22,5893.13,7326.81,13163.88,26595.08,8272.053,11914.4,3110.29,2885.2884
2019-11-25,5924.86,7396.29,13246.45,26993.04,8371.928,12073.75,3133.64,2906.1688
2019-11-26,5929.62,7403.14,13236.42,26913.92,8385.745,12037.7,3140.52,2907.0602
2019-11-27,5926.84,7429.78,13287.07,26954.0,8444.709,12100.7,3153.63,2903.1947
2019-11-28,5912.72,7416.43,13245.58,26893.73,,12151.15,,2889.6934
2019-11-29,5905.17,7346.53,13236.38,26346.49,8403.685,12056.05,3140.98,2871.9813
2019-12-02,5786.74,7285.94,12964.68,26444.72,8309.26,12048.2,3113.87,2875.8072
2019-12-03,5727.22,7158.76,12989.29,26391.3,8254.737,11994.2,3093.2,2884.6988
2019-12-04,5799.68,7188.5,13140.57,26062.56,8296.529,12043.2,3112.76,2878.1157
2019-12-05,5801.55,7137.85,13054.8,26217.04,8308.397,12018.4,3117.43,2899.4685
2019-12-06,5871.91,7239.66,13166.58,26498.37,8397.367,11921.5,3145.91,2912.0136
2019-12-09,5837.25,7233.9,13105.61,26494.73,8362.744,11937.5,3135.96,2914.4775
2019-12-10,5848.03,7213.76,13070.72,26436.62,8354.292,11856.8,3132.52,2917.3157
2019-12-11,5860.88,7216.25,13146.74,26645.43,8402.609,11910.15,3141.63,2924.4173
2019-12-12,5884.26,7273.47,13221.64,26994.14,8466.894,11971.8,3168.57,2915.6983
2019-12-13,5919.02,7353.44,13282.72,27687.76,8487.708,12086.7,3168.8,2967.6764
2019-12-16,5991.66,7519.05,13407.66,27508.09,8570.334,12053.95,3191.45,2984.3925
2019-12-17,5968.26,7525.28,13287.83,27843.71,8575.7,12165.0,3192.52,3022.4219
2019-12-18,5959.6,7540.75,13222.16,27884.21,8580.624,12221.65,3191.14,3017.0444
2019-12-19,5972.28,7573.82,13211.96,27800.49,8641.291,12259.7,3205.37,3017.0658
2019-12-20,6021.53,7582.48,13318.9,27871.35,8678.491,12271.8,3221.22,3004.9376
2019-12-23,6029.37,7623.59,13300.98,27906.41,8696.007,12262.75,3224.01,2962.7513
2019-12-24,6029.55,7632.24,,27864.21,8699.506,12214.55,3223.38,2982.6806
2019-12-27,6037.39,7644.9,13337.11,28225.42,8770.979,12245.8,3240.02,3005.0355
2019-12-30,5982.22,7587.05,13249.01,28319.39,8709.727,12255.85,3221.29,3040.0239
2019-12-31,5978.06,7542.44,,28189.75,8733.073,12168.45,3230.78,3050.124
2020-01-02,6041.5,7604.3,13385.93,28543.52,8872.219,12282.2,3257.85,3085.1976
2020-01-03,6044.16,7622.4,13219.14,28451.5,8793.904,12226.65,3234.85,3083.7858
2020-01-06,6013.59,7575.34,13126.99,28226.19,8848.515,11993.05,3246.28,3083.4083
2020-01-07,6012.35,7573.85,13226.83,28322.06,8846.449,12052.95,3237.18,3104.8015
2020-01-08,6031.0,7574.93,13320.18,28087.92,8912.37,12025.35,3253.05,3066.8925
2020-01-09,6042.55,7598.12,13495.06,28561.0,8989.63,12215.9,3274.7,3094.8819
2020-01-10,6037.11,7587.85,13483.31,28638.2,8966.636,12256.8,3265.35,3092.2907
2020-01-13,6036.14,7617.6,13451.52,28954.94,9070.646,12329.55,3288.13,3115.5696
2020-01-14,6040.89,7622.35,13456.49,28885.14,9033.42,12362.3,3283.15,3106.8204
2020-01-15,6032.61,7642.8,13432.3,28773.59,9035.667,12343.3,3289.29,3090.0379
2020-01-16,6039.03,7609.81,13429.43,28883.04,9124.999,12355.5,3316.81,3074.0814
2020-01-17,6100.72,7674.56,13526.13,29056.42,9173.733,12352.35,3329.62,3075.4955
2020-01-20,6078.54,7651.44,13548.94,28795.91,,12224.55,,3095.7873
2020-01-21,6045.99,7610.7,13555.87,27985.33,9166.628,12169.85,3320.79,3052.1419
2020-01-22,6010.98,7571.92,13515.75,28341.04,9188.575,12106.9,3321.75,3060.7545
2020-01-23,5971.79,7507.67,13388.42,27909.12,9216.984,12180.35,3325.54,2976.5281
2020-01-24,6024.26,7585.98,13576.68,27949.64,9141.467,12248.25,3295.47,
2020-01-27,5863.02,7412.05,13204.77,,8952.178,12119.0,3243.63,
2020-01-28,5925.82,7480.69,13323.69,,9090.932,12055.8,3276.24,
2020-01-29,5954.89,7483.57,13345.0,27160.63,9101.613,12129.5,3273.4,
2020-01-30,5871.77,7381.96,13157.12,26449.13,9136.087,12035.8,3283.66,
2020-01-31,5806.34,7286.01,12981.97,26312.63,8991.512,11962.1,3225.52,
2020-02-03,5832.51,7326.31,13045.19,26356.98,9126.232,11707.9,3248.92,2746.6056
2020-02-04,5935.05,7439.82,13281.74,26675.98,9334.055,11979.65,3297.59,2783.2875
2020-02-05,5985.4,7482.48,13478.33,26786.74,9367.481,12089.15,3334.69,2818.0878
2020-02-06,6038.18,7504.79,13574.82,27493.7,9445.916,12137.95,3345.78,2866.5097
2020-02-07,6029.75,7466.7,13513.81,27404.27,9401.097,12098.35,3327.71,2875.9636
2020-02-10,6015.67,7446.88,13494.03,27241.34,9516.84,12031.5,3352.09,2890.4878
2020-02-11,6054.76,7499.44,13627.84,27583.88,9517.861,12107.9,3357.75,2901.6744
2020-02-12,6104.73,7534.37,13749.78,27823.66,9613.201,12201.2,3379.45,2926.8991
2020-02-13,6093.14,7452.03,13745.43,27730.0,9595.702,12174.65,3373.94,2906.0735
2020-02-14,6069.35,7409.13,13744.21,27815.6,9623.58,12113.45,3380.16,2917.0077
2020-02-17,6085.95,7433.25,13783.89,27959.6,,12045.8,,2983.6224
2020-02-18,6056.82,7382.01,13681.19,27530.2,9629.802,11992.5,3370.29,2984.9716
2020-02-19,6111.24,7457.02,13789.0,27655.81,9718.726,12125.9,3386.15,2975.4019
2020-02-20,6062.3,7436.64,13664.0,27609.16,9627.83,12080.85,3373.23,3030.1542
2020-02-21,6029.72,7403.92,13579.33,27308.81,9446.688,,3337.75,3039.6692
2020-02-24,5791.87,7156.83,13035.24,26820.88,9079.632,11829.4,3225.89,3031.2333
2020-02-25,5679.68,7017.88,12790.49,26893.23,8834.865,11797.9,3128.21,3013.0501
2020-02-26,5684.55,7042.47,12774.88,26696.49,8873.757,11678.5,3116.39,2987.9287
2020-02-27,5495.6,6796.4,12367.46,26778.62,8436.666,11633.3,2978.76,2991.3288
2020-02-28,5309.9,6580.61,11890.35,26129.93,8461.834,11201.75,2954.22,2880.3038
2020-03-02,5333.52,6654.89,11857.87,26291.68,8877.978,11132.75,3090.23,2970.9312
2020-03-03,5393.17,6718.2,11985.39,26284.82,8594.492,11303.3,3003.37,2992.8968
2020-03-04,5464.89,6815.59,12127.69,26222.07,8949.281,11251.0,3130.12,3011.6657
2020-03-05,5361.1,6705.43,11944.72,26767.87,8671.658,11269.0,3023.94,3071.6771
2020-03-06,5139.11,6462.55,11541.87,26146.67,8530.337,10989.45,2972.37,3034.5113
2020-03-09,4707.91,5965.77,10625.02,25040.46,7948.027,10451.45,2746.56,2943.2907
2020-03-10,4636.61,5960.23,10475.49,25392.51,8372.265,,2882.23,2996.7618
2020-03-11,4610.25,5876.52,10438.68,25231.61,8006.119,10458.4,2741.38,2968.5174
2020-03-12,4044.26,5237.48,9161.13,24309.07,7263.653,9590.15,2480.64,2923.4856
2020-03-13,4118.36,5366.11,9232.08,24032.91,7995.263,9955.2,2711.02,2887.4265
2020-03-16,3881.46,5151.08,8742.25,23063.57,7020.377,9197.4,2386.13,2789.2537
2020-03-17,3991.78,5294.9,8939.1,23263.73,7473.95,8967.05,2529.19,2779.6407
2020-03-18,3754.84,5080.58,8441.71,22291.82,7175.176,8468.8,2398.1,2728.7563
2020-03-19,3855.5,5151.61,8610.43,21709.13,7288.523,8263.45,2409.39,2702.1296
2020-03-20,4048.8,5190.78,8928.95,22805.07,6994.291,8745.45,2304.92,2745.6182
2020-03-23,3914.31,4993.89,8741.15,21696.13,7006.917,7610.25,2237.4,2660.1674
2020-03-24,4242.7,5446.01,9700.57,22663.49,7553.825,7801.05,2447.33,2722.4381
2020-03-25,4432.3,5688.2,9874.26,23527.19,7469.615,8317.85,2475.56,2781.5913
2020-03-26,4543.58,5815.73,10000.96,23352.34,7897.128,8641.45,2630.07,2764.9109
2020-03-27,4351.49,5510.33,9632.52,23484.28,7588.373,8660.25,2541.47,2772.2033
2020-03-30,4378.51,5563.74,9815.97,23175.11,7889.006,8281.1,2626.65,2747.2138
2020-03-31,4396.12,5671.96,9935.84,23603.48,7813.499,8597.75,2584.59,2750.2962
2020-04-01,4207.24,5454.57,9544.75,23085.79,7486.287,8253.8,2470.5,2734.5215
2020-04-02,4220.96,5480.22,9570.82,23280.06,7635.658,,2526.9,2780.6379
2020-04-03,4154.58,5415.5,9525.77,23236.11,7528.114,8083.8,2488.65,2763.9874
2020-04-06,4346.14,5582.39,10075.17,23749.12,8081.663,,2663.68,
2020-04-07,4438.27,5704.45,10356.7,24253.29,8049.307,8792.2,2659.41,2820.7634
2020-04-08,4442.75,5677.73,10332.89,23970.37,8229.542,8748.75,2749.98,2815.3686
2020-04-09,4506.85,5842.66,10564.74,24300.33,8238.529,9111.9,2789.82,2825.9036
2020-04-14,4523.91,5791.31,10696.56,24435.4,8692.155,,2846.06,2827.283
2020-04-15,4353.72,5597.65,10279.76,24145.34,8591.958,8925.3,2783.36,2811.1741
2020-04-16,4350.16,5628.43,10301.54,24006.45,8757.832,8992.8,2799.55,2819.935
2020-04-17,4499.01,5786.96,10625.78,24380.0,8832.414,9266.75,2874.56,2838.4945
2020-04-20,4528.3,5812.83,10675.9,24330.02,8726.513,9261.85,2823.16,2852.5528
2020-04-21,4357.46,5641.03,10249.85,23793.55,8403.003,8981.45,2736.56,2827.0133
2020-04-22,4411.8,5770.63,10415.03,23893.36,8664.635,9187.3,2799.31,2843.9804
2020-04-23,4451.0,5826.61,10513.79,23977.32,8641.497,9313.9,2797.8,2838.4994
2020-04-24,4393.32,5752.23,10336.09,23831.33,8786.603,9154.4,2836.74,2808.5293
2020-04-27,4505.26,5846.79,10659.99,24280.14,8837.657,9282.3,2878.48,2815.4947
2020-04-28,4569.79,5958.5,10795.63,24575.96,8677.6,9380.9,2863.39,2810.0243
2020-04-29,4671.11,6115.25,11107.74,24643.59,8982.761,9553.35,2939.51,2822.4424
2020-04-30,4572.18,5901.21,10861.64,,9000.509,9859.9,2912.43,2860.0822
2020-05-04,4378.23,5753.78,10466.8,23613.8,8834.111,9293.5,2842.74,
2020-05-05,4483.13,5849.42,10729.46,23868.66,8930.618,9205.6,2868.44,
2020-05-06,4433.38,5853.76,10606.2,24137.48,8984.859,9270.9,2848.42,2878.1402
2020-05-07,4501.44,5935.98,10759.27,23980.63,9101.876,9199.05,2881.19,2871.5232
2020-05-08,4549.64,,10904.48,24230.17,9220.354,9251.5,2929.8,2895.3444
2020-05-11,4490.22,5939.73,10824.99,24602.06,9298.923,9239.2,2930.32,2894.802
2020-05-12,4472.5,5994.77,10819.5,24245.68,9112.447,9196.55,2870.12,2891.5564
2020-05-13,4344.95,5904.05,10542.66,24180.3,9000.077,9383.55,2820.0,2898.0495
2020-05-14,4273.13,5741.54,10337.02,23829.74,9094.425,9142.75,2852.5,2870.3422
2020-05-15,4277.63,5799.77,10465.17,23797.47,9152.639,9136.85,2863.7,2868.4587
2020-05-18,4498.34,6048.59,11058.87,23934.77,9331.926,8823.25,2953.91,2875.4176
2020-05-19,4458.16,6002.23,11075.29,24388.13,9298.544,8879.1,2922.94,2898.576
2020-05-20,4496.98,6067.16,11223.71,24399.95,9485.02,9066.55,2971.61,2883.7378
2020-05-21,4445.45,6015.25,11065.93,24280.03,9377.992,9106.25,2948.51,2867.9237
2020-05-22,4444.56,5993.28,11073.87,22930.14,9413.988,9039.25,2955.45,2813.7654
2020-05-25,4539.91,,11391.28,22952.24,,,,2817.9697
2020-05-26,4606.24,6067.76,11504.65,23384.66,9389.977,9029.05,2991.77,2846.5473
2020-05-27,4688.74,6144.25,11657.69,23301.36,9442.046,9314.95,3036.13,2836.8036
2020-05-28,4771.39,6218.79,11781.13,23132.76,9416.713,9490.1,3029.73,2846.2217
2020-05-29,4695.44,6076.6,11586.85,22961.47,9555.525,9580.3,3044.31,2852.3512
2020-06-01,4762.78,6166.42,,23732.52,9598.887,9826.15,3055.73,2915.4311
2020-06-02,4858.97,6220.14,12021.28,23995.94,9657.307,9979.1,3080.82,2921.398
2020-06-03,5022.38,6382.41,12487.36,24325.62,9704.688,10061.55,3122.87,2923.3711
2020-06-04,5011.98,6341.44,12430.56,24366.3,9629.664,10029.1,3112.35,2919.2506
2020-06-05,5197.79,6484.3,12847.68,24770.41,9824.39,10142.15,3193.93,2930.7993
2020-06-08,5175.52,6472.59,12819.59,24776.77,9901.521,10167.45,3232.39,2937.7712
2020-06-09,5095.11,6335.72,12617.99,25057.22,9967.174,10046.65,3207.18,2956.1116
2020-06-10,5053.42,6329.13,12530.16,25049.73,10094.256,10116.15,3190.14,2943.7525
2020-06-11,4815.6,6076.7,11970.29,24480.15,9588.479,9902.0,3002.1,2920.8968
2020-06-12,4839.26,6105.18,11949.28,24301.38,9663.775,9972.9,3041.31,2919.7408
2020-06-15,4815.72,6064.7,11911.35,23776.95,9776.891,9813.7,3066.59,2890.0306
2020-06-16,4952.46,6242.79,12315.66,24344.09,9949.366,9914.0,3124.74,2931.7493
2020-06-17,4995.97,6253.25,12382.14,24481.41,9982.479,9881.15,3113.49,2935.873
2020-06-18,4958.75,6224.07,12281.53,24464.94,10012.053,10091.65,3115.34,2939.3151
2020-06-19,4979.45,6292.6,12330.76,24643.89,10008.644,10244.4,3097.74,2967.6341
2020-06-22,4948.7,6244.62,12262.97,24511.34,10130.33,10311.2,3117.86,2965.2717
2020-06-23,5017.68,6320.12,12523.76,24907.34,10209.817,10471.0,3131.29,2970.6203
2020-06-24,4871.36,6123.69,12093.94,24781.58,10002.697,10305.3,3050.33,2979.5505
2020-06-25,4918.58,6147.14,12177.87,,10101.834,10288.9,3083.76,
2020-06-26,4909.64,6159.3,12089.39,24549.99,9849.356,10383.0,3009.05,
2020-06-29,4945.46,6225.77,12232.12,24301.28,9961.163,10312.4,3053.24,2961.5164
2020-06-30,4935.99,6169.74,12310.93,24427.19,10156.852,10302.1,3100.29,2984.6741
2020-07-01,4926.94,6157.96,12260.57,,10279.248,10430.05,3115.86,3025.981
2020-07-02,5049.38,6240.36,12608.46,25124.19,10341.892,10551.7,3130.01,3090.5693
2020-07-03,5007.14,6157.3,12528.18,25373.12,,10607.35,,3152.8126
2020-07-06,5081.51,6285.94,12733.45,26339.16,10604.058,10763.65,3179.72,3332.8807
2020-07-07,5043.73,6189.9,12616.8,25975.66,10524.011,10799.65,3145.32,3345.3369
2020-07-08,4981.13,6156.16,12494.81,26129.18,10666.701,10705.75,3169.94,3403.4401
2020-07-09,4921.01,6049.62,12489.46,26210.16,10754.592,10813.45,3152.05,3450.5935
2020-07-10,4970.48,6095.41,12633.71,25727.41,10836.333,10768.05,3185.04,3383.3222
2020-07-13,5056.23,6176.19,12799.97,25772.12,10602.208,10802.7,3155.22,3443.2863
2020-07-14,5007.46,6179.75,12697.36,25477.89,10689.52,10607.35,3197.52,3414.6186
2020-07-15,5108.98,6292.65,12930.98,25481.58,10701.679,10618.2,3226.56,3361.3044
2020-07-16,5085.28,6250.69,12874.97,24970.69,10626.46,10739.95,3215.57,3210.0986
2020-07-17,5069.42,6290.3,12919.61,25089.17,10645.22,10901.7,3224.73,3214.1287
2020-07-20,5093.18,6261.52,13046.92,25057.99,10952.076,11022.2,3251.84,3314.149
2020-07-21,5104.28,6269.73,13171.83,25635.66,10833.074,11162.25,3257.3,3320.8947
2020-07-22,5037.12,6207.1,13104.25,25057.94,10870.754,11132.6,3276.02,3333.1635
2020-07-23,5033.76,6211.44,13103.39,25263.0,10580.591,11215.45,3235.66,3325.1102
2020-07-24,4956.43,6123.82,12838.06,24705.33,10483.132,11194.15,3215.63,3196.7684
2020-07-27,4939.62,6104.88,12838.66,24603.26,10674.375,11131.8,3239.41,3205.2268
2020-07-28,4928.94,6129.26,12835.28,24772.76,10532.502,11300.55,3218.44,3227.9604
2020-07-29,4958.74,6131.46,12822.26,24883.14,10662.983,11202.85,3258.44,3294.5521
2020-07-30,4852.94,5989.99,12379.65,24710.59,10715.507,11102.15,3246.22,3286.822
2020-07-31,4783.69,5897.76,12313.36,24595.35,10905.881,11073.45,3271.12,3310.0065
2020-08-03,4875.93,6032.85,12646.98,24458.13,11055.076,10891.6,3294.61,3367.9658
2020-08-04,4889.52,6036.0,12600.87,24946.63,11096.539,11095.25,3306.51,3371.6875
2020-08-05,4933.34,6104.72,12660.25,25102.54,11125.439,11101.65,3327.77,3377.5648
2020-08-06,4885.13,6026.94,12591.68,24930.58,11267.085,11200.15,3349.16,3386.4631
2020-08-07,4889.52,6032.18,12674.88,24531.62,11139.387,11214.05,3351.28,3354.0352
2020-08-10,4909.51,6050.59,12687.53,24377.43,11085.168,11270.15,3360.47,3379.2524
2020-08-11,5027.99,6154.34,12946.89,24890.68,10876.08,11322.5,3333.69,3340.29
2020-08-12,5073.31,6280.12,13058.63,25244.02,11157.722,11308.4,3380.35,3319.2656
2020-08-13,5042.38,6185.62,12993.71,25230.67,11178.37,11300.45,3373.43,3320.7261
2020-08-14,4962.93,6090.04,12901.34,25183.01,11164.447,11178.4,3372.85,3360.0988
2020-08-17,4971.94,6127.44,12920.66,25347.34,11288.57,11247.1,3381.99,3438.801
2020-08-18,4938.06,6076.62,12881.76,25367.38,11399.033,11385.35,3389.78,3451.0894
2020-08-19,4977.23,6111.98,12977.33,25178.91,11318.644,11408.4,3374.85,3408.1288
2020-08-20,4911.24,6013.34,12830.0,24791.39,11477.049,11312.2,3385.51,3363.8988
2020-08-21,4896.33,6001.89,12764.8,25113.84,11555.164,11371.6,3397.16,3380.6825
2020-08-24,5007.89,6104.73,13066.54,25551.58,11626.173,11466.45,3431.28,3385.6383
2020-08-25,5008.27,6037.01,13061.62,25486.22,11721.805,11472.25,3443.62,3373.5781
2020-08-26,5048.43,6045.6,13190.15,25491.79,11971.941,11549.6,3478.73,3329.7388
2020-08-27,5015.97,5999.99,13096.36,25281.15,11926.162,11559.25,3484.55,3350.1128
2020-08-28,5002.94,5963.57,13033.2,25422.06,11995.855,11647.6,3508.01,3403.8066
2020-08-31,4947.22,,12945.38,25177.05,12110.698,11387.5,3500.31,3395.6775
2020-09-01,4938.1,5862.05,12974.25,25184.85,12292.863,11470.25,3526.65,3410.6068
2020-09-02,5031.74,5940.95,13243.43,25120.09,12420.543,11535.0,3580.84,3404.8017
2020-09-03,5009.52,5850.86,13057.77,25007.6,11771.365,11527.45,3455.06,3384.9806
2020-09-04,4965.07,5799.08,12842.66,24695.45,11622.131,11333.85,3426.96,3355.3666
2020-09-07,5053.72,5937.4,13100.28,24589.65,,11355.05,,3292.5907
2020-09-08,4973.52,5930.3,12968.33,24624.34,11068.257,11317.35,3331.84,3316.417
2020-09-09,5042.98,6012.84,13237.21,24468.93,11395.846,11278.0,3398.96,3254.6279
2020-09-10,5023.93,6003.32,13208.89,24313.54,11154.124,11449.25,3339.19,3234.8234
2020-09-11,5034.14,6032.09,13202.84,24503.31,11087.4,11464.45,3340.97,3260.3461
2020-09-14,5051.88,6026.25,13193.66,24640.28,11277.763,11440.05,3383.54,3278.8138
2020-09-15,5067.93,6105.54,13217.67,24732.76,11438.874,11521.8,3401.2,3295.6795
2020-09-16,5074.42,6078.48,13255.37,24725.63,11247.599,11604.55,3385.49,3283.9244
2020-09-17,5039.5,6049.92,13208.12,24340.85,11080.951,11516.1,3357.01,3270.435
2020-09-18,4978.18,6007.05,13116.25,24455.41,10936.982,11504.95,3319.47,3338.0897
2020-09-21,4792.04,5804.29,12542.44,23950.69,10980.22,11250.55,3281.06,3316.9351
2020-09-22,4772.84,5829.46,12594.39,23716.85,11186.371,11153.65,3315.57,3274.3015
2020-09-23,4802.26,5899.26,12642.97,23742.51,10833.333,11131.85,3236.92,3279.7105
2020-09-24,4762.62,5822.78,12606.57,23311.07,10896.471,10805.55,3246.59,3223.1764
2020-09-25,4729.66,5842.67,12469.2,23235.42,11151.133,11050.25,3298.46,3219.4179
2020-09-28,4843.27,5927.93,12870.87,23476.05,11364.45,11227.55,3351.6,3217.5346
2020-09-29,4832.07,5897.5,12825.82,23275.53,11322.954,11222.4,3335.47,3224.3593
2020-09-30,4803.44,5866.1,12760.73,23459.05,11418.063,11247.55,3363.0,3218.0521
2020-10-01,4824.04,5879.45,12730.77,,11583.203,11416.95,3380.8,
2020-10-02,4824.88,5902.12,12689.04,,11255.694,,3348.44,
2020-10-05,4871.87,5942.94,12828.31,23767.78,11509.063,11503.35,3408.63,
2020-10-06,4895.46,5949.94,12906.02,23980.65,11291.274,11662.4,3360.95,
2020-10-07,4882.0,5946.25,12928.57,24242.86,11503.194,11738.85,3419.45,
2020-10-08,4911.94,5978.03,13042.21,24193.35,11550.943,11834.6,3446.83,
2020-10-09,4946.81,6016.65,13051.23,24119.13,11725.851,11914.2,3477.13,3272.0762
2020-10-12,4979.29,6001.38,13138.41,24649.68,12088.106,11930.95,3534.22,3358.4652
2020-10-13,4947.61,5969.71,13018.99,,12083.171,11934.5,3511.93,3359.7499
2020-10-14,4941.66,5935.06,13028.06,24667.09,11985.359,11971.05,3488.67,3340.7782
2020-10-15,4837.42,5832.52,12703.75,24158.54,11898.573,11680.35,3483.34,3332.1832
2020-10-16,4935.86,5919.58,12908.99,24386.79,11852.168,11762.45,3483.81,3336.3582
2020-10-19,4942.62,5884.65,12854.66,24542.26,11634.349,11873.05,3426.92,3312.6671
2020-10-20,4929.28,5889.22,12736.95,24569.54,11677.836,11896.8,3443.12,3328.1029
2020-10-21,4853.95,5776.5,12557.64,24754.42,11665.366,11937.65,3435.56,3325.0247
2020-10-22,4851.38,5785.65,12543.06,24786.13,11662.914,11896.45,3453.49,3312.5005
2020-10-23,4909.64,5860.28,12645.75,24918.78,11692.572,11930.35,3465.39,3277.9972
2020-10-26,4816.12,5792.01,12177.18,,11504.519,11767.75,3400.97,3251.1188
2020-10-27,4730.66,5728.99,12063.57,24787.19,11598.945,11889.4,3390.68,3254.3157
2020-10-28,4571.12,5582.8,11560.51,24708.8,11142.756,11729.6,3271.03,3269.238
2020-10-29,4569.67,5581.75,11598.07,24586.6,11350.743,11670.8,3310.11,3272.7274
2020-10-30,4594.24,5577.27,11556.48,24107.42,11052.946,11642.4,3269.96,3224.5325
2020-11-02,4691.14,5654.97,11788.28,24460.01,11084.757,11669.15,3310.24,3225.1196
2020-11-03,4805.61,5786.77,12088.98,24939.73,11279.91,11813.5,3369.16,3271.0744
2020-11-04,4922.85,5883.26,12324.22,24886.14,11777.016,11908.5,3443.44,3277.4402
2020-11-05,4983.99,5906.18,12568.09,25695.92,12078.066,12120.3,3510.45,3320.1333
2020-11-06,4960.88,5910.02,12480.02,25712.97,12091.346,12263.55,3509.44,3312.159
2020-11-09,5336.32,6186.29,13095.97,26016.17,11830.385,12461.05,3550.5,3373.7337
2020-11-10,5418.97,6296.85,13163.11,26301.48,11624.286,12631.1,3545.53,3360.1485
2020-11-11,5445.21,6382.1,13216.18,26226.98,11892.93,12749.15,3572.66,3342.2025
2020-11-12,5362.57,6338.94,13052.95,26169.38,11827.14,12690.8,3537.01,3338.6788
2020-11-13,5380.16,6316.39,13076.72,26156.86,11937.845,12719.95,3585.15,3310.1046
2020-11-16,5471.48,6421.29,13138.61,26381.67,12013.385,,3626.91,3346.9692
2020-11-17,5483.0,6365.33,13133.47,26415.09,11977.49,12874.2,3609.53,3339.895
2020-11-18,5511.45,6385.24,13201.89,26544.29,11894.71,12938.25,3567.79,3347.3034
2020-11-19,5474.66,6334.35,13086.16,26356.97,11985.43,12771.7,3581.87,3363.0876
2020-11-20,5495.89,6351.45,13137.25,26451.54,11906.441,12859.05,3557.54,3377.7267
2020-11-23,5492.15,6333.84,13126.97,26486.2,11905.941,12926.45,3577.59,3414.4899
2020-11-24,5558.42,6432.17,13292.44,26588.2,12079.806,13055.15,3635.41,3402.8225
2020-11-25,5571.29,6391.09,13289.8,26669.75,12152.215,12858.4,3629.65,3362.3274
2020-11-26,5566.79,6362.93,13286.57,26819.45,,12987.0,,3369.7334
2020-11-27,5598.18,6367.58,13335.68,26894.68,12258.212,12968.95,3638.35,3408.3071
2020-11-30,5518.55,6266.19,13291.16,26341.49,12268.316,,3621.63,3391.7551
2020-12-01,5581.64,6384.73,13382.3,26567.68,12455.326,13109.05,3662.45,3451.9384
2020-12-02,5583.01,6463.39,13313.24,26532.58,12456.407,13113.75,3669.01,3449.3805
2020-12-03,5574.36,6490.27,13252.86,26728.5,12467.129,13133.9,3666.72,3442.1359
2020-12-04,5609.15,6550.23,13298.96,26835.92,12528.483,13258.55,3699.12,3444.5814
2020-12-07,5573.38,6555.39,13271.0,26506.85,12596.469,13355.75,3691.96,3416.6037
2020-12-08,5560.67,6558.82,13278.49,26304.56,12635.721,13392.95,3702.25,3410.1771
2020-12-09,5546.82,6564.29,13340.26,26502.84,12364.638,13529.1,3672.82,3371.964
2020-12-10,5549.65,6599.76,13295.73,26410.59,12401.743,13478.3,3668.1,3373.2758
2020-12-11,5507.55,6546.75,13114.3,26505.87,12375.41,13513.85,3663.46,3347.191
2020-12-14,5527.84,6531.83,13223.16,26389.52,12462.21,13558.15,3647.49,3369.1201
2020-12-15,5530.31,6513.32,13362.87,26207.29,12595.922,13567.85,3694.62,3367.2326
2020-12-16,5547.68,6570.91,13565.98,26460.29,12668.163,13682.7,3701.17,3366.9832
2020-12-17,5549.46,6551.06,13667.25,26678.38,12752.06,13740.7,3722.48,3404.8732
2020-12-18,5527.84,6529.18,13630.51,26498.6,12738.181,13760.55,3709.41,3394.896
2020-12-21,5393.34,6416.32,13246.3,26306.68,12690.257,13328.4,3694.92,3420.5693
2020-12-22,5466.86,6453.16,13418.11,26119.25,12717.562,13466.3,3687.26,3356.7822
2020-12-23,5527.59,6495.75,13587.23,26343.1,12653.137,13601.1,3690.01,3382.3195
2020-12-24,5522.01,6502.11,,26386.56,12711.009,13749.25,3703.06,3363.1133
2020-12-28,5588.38,,13790.29,26314.63,12838.861,13873.2,3735.36,3397.2854
2020-12-29,5611.79,6602.65,13761.38,26568.49,12843.491,13932.6,3727.04,3379.0362
2020-12-30,5599.41,6555.82,13718.78,27147.11,12845.357,13981.95,3732.04,3414.4527
2020-12-31,5551.41,6460.52,,27231.13,12888.284,13981.75,3756.07,3473.0693
